product_id,product_name,price
954fe818-49d9-4c6b-80e5-a6cff9dc46d1,Labetalol Hydrochloride,86.04
247526be-2ef0-4bbc-934c-53933fad300d,liothyronine sodium,8.08
3bf8dedc-c607-4ca6-b620-e747bcd83ba0,ZINC OXIDE,32.65
54e32633-fd8a-4050-91ea-2072b0a85450,Ibuprofen,51.74
77fb3b85-3a6a-43b1-a82c-4047bddcfbdf,"Octinoxate, Avobenzone and Octisalate",86.53
fec228b3-d0d4-48ba-8800-10b0433c7ee6,MENTHOL,54.39
6e43d86f-4410-4d11-94f7-8a6231fda5fd,Tranexamic Acid,37.01
9e363d7e-4b2c-4a94-a856-2c1ee70fa804,albuterol sulfate,98.43
158698f6-9d14-4b4a-80a0-8ede8fb18c6a,Titanium Dioxide and Zinc Oxide,38.05
714f311e-d024-4f15-8e8f-837d82c28d1a,"OCTINOXATE, OXYBENZONE",35.97
bb65f494-b4c1-442b-99ab-fa893ea2abb4,MILRINONE LACTATE,15.48
ce2ca9fa-6be0-4f65-9087-2398dc56890b,Stibium 0.4,64.48
aed0d553-0086-429c-8693-f53dfff04ed4,Gel for Burns,36.33
30c1c53c-c6e2-4c3e-8370-e5fe4c2c27c9,TRICLOSAN,35.19
766704ea-86d7-43d2-9240-087515e79f56,"Octinoxate, Titanium Dioxide, and Zinc Oxide",13.37
1a4d50ec-4447-4588-b7a8-bb9fc6cbbd33,Helium,90.77
d202d2b2-bcc4-447d-9462-6ddd5c0d7b50,"Acetaminophen, Diphenhydramine HCl",47.4
d8abeb87-45ab-47a0-b496-6fc26853003d,"Baptisia tinctoria, Echinacea, Allium cepa",75.62
083a314c-eda4-47a2-a6b5-69a2daa8f537,Alcohol,9.69
8a247046-f1f0-438f-9bd0-d7359de781cc,Omeprazole,43.58
479583d0-95c1-43ca-959f-a6ae449188b4,ketorolac tromethamine,86.2
3702748f-3529-4df5-abb3-1422410dcb5c,Cetirizine Hydrochloride,67.8
ed3582ca-223e-4784-8d33-1c19afd41ff5,Metformin Hydrochloride,19.11
289aefae-dbfb-42d6-9aac-0a9ca6026989,Hydrocortisone Acetate,87.97
718b9644-5887-4d12-a4f2-6f88e885b2bb,OCTINOXATE and TITANIUM DIOXIDE,15.67
f63ab812-9c9b-4b09-a320-3686182641cc,CEFTRIAXONE,100.0
922c02b5-22ce-4b69-aa1e-040de14d373c,SEVELAMER CARBONATE,24.89
472b9ad9-58d6-4698-86ce-99340abb39fd,Benzocaine,38.62
5a9d5757-7998-461b-9267-2893bb039cd6,Glycerin,30.73
71bad8ec-1803-4075-b4a4-41de0f4fede8,Saline,44.62
db31de28-c977-4266-8124-db72958b58fa,BLEOMYCIN SULFATE,69.14
8566be67-142d-4a46-81ec-8e28e233632e,Fosinopril Sodium,38.67
efa1ed4b-06cb-4a4d-91e5-b54f5e60475c,PredniSONE,97.24
79475f77-25cf-434f-a1de-7a9cbdc1f71a,Pamidronate Disodium,6.57
b61e60bd-5893-4f28-be9a-39cc2288e18a,Topiramate,63.33
f2afd622-b5b1-4675-84c4-5a8f9f2c2b2f,"Polyethylene Glycol 3350, NF Powder for Solution, Laxative",32.51
c3c9f179-8077-4845-8cac-190872545744,Carbidopa and levodopa,86.58
a2775759-2aec-4512-a7b7-b41ed47e3aee,Johnson Grass,8.73
737ee547-9b2a-4aef-bef4-e4973fc323dc,Triamcinolone Acetonide,88.28
ec296c82-e38b-4c9c-9251-20a4eb0af2be,DOCUSATE SODIUM,77.66
48cb9901-1f7e-4e06-ab83-d83277831fcf,Benazepril Hydrochloride,16.51
487e604f-1f3d-4997-b183-49c23a7f71af,methylphenidate hydrochloride,44.1
29b44371-854f-470c-846e-ff100d4dbcaa,Oxycodone Hydrochloride,88.05
3768f52b-34d9-417b-b72c-0a50a9b6f7bc,"Arsenicum 30c, Bryonia 30c, Carbo Animalis 30c, Carbo Veg 30c, Nat Phos 30c, Nux Vomica 30c, Mag Phos 30c, Pulsatilla 30c, Sepia 30c",54.73
c9a4579f-811c-426e-9f12-a8cde90468f1,"RETINOL, ERGOCALCIFEROL, .ALPHA.-TOCOPHEROL ACETATE, DL-, PHYTONADIONE, ASCORBIC ACID, NIACINAMIDE, RIBOFLAVIN 5-PHOSPHATE SODIUM, THIAMINE HYDROCHLORIDE, PYRIDOXINE HYDROCHLORIDE, DEXPANTHENOL, BIOTIN, FOLIC ACID, and CYANOCOBALAMIN",9.65
81386814-de92-439a-b861-c56891a2bd9c,Polyethylene Glycol 3350,55.15
f0e68e57-a0bb-4f49-92ea-16f6cbba17cd,HYDROCODONE BITARTRATE AND ACETAMINOPHEN,55.25
9d75bdb2-af62-4e49-8ef5-339f45f07292,Pioglitazone,65.89
d89caac7-d1bd-4b62-ba8f-94bda19c5044,"Naproxen sodium, Pseudoephedrine HCl",16.02
09228b85-808a-40cf-a833-7ace54198551,Danazol,22.65
d9ef0389-81e1-4670-9d3c-8589bc60698c,"ALLANTOIN, COLLOIDAL OATMEAL",92.36
479cb07a-514c-4b93-816d-2308cbe579a0,Menthol and Pectin,83.3
ee65f7fc-8262-4a15-a8ce-a66aacb1ea76,Bacitracin Zinc,19.61
26a81871-5989-4a0f-8062-81d0ea902f2b,Colchicine,8.75
3d05ba39-0c62-4fd2-89fa-fbf9bebe1c9d,Cladosporium cladosporioides,44.46
bf517bde-5b96-400f-9a9a-1ca58a659a0d,Bethanechol Chloride,19.56
c7f96c78-dc0a-40cb-983d-5aef0860db2f,Ponderosa Pine,42.97
2ce9ca59-45d7-4af2-a8e5-90cefda38786,PETROLATUM,19.38
9bb136f7-ff9c-46f8-827e-458adb14a999,Diltiazem Hydrochloride,39.15
6bec6f63-c0e9-4aae-a3a8-054e97150613,Mometasone Furoate,22.4
53714820-2e00-4d75-acd9-b166ec7b6a9e,Dorzolamide Hydrochloride and Timolol Maleate,51.58
5a27e22f-9c48-4413-b827-77f157a4a8ea,Miconazole nitrate,30.95
88f31177-42f6-4eaa-8e8e-a78cd6cefd62,Renes Carbo,85.37
efc6788b-10dd-4363-8c1c-ca76410245d1,AMLODIPINE BESYLATE,74.02
bc105cfc-5602-45b0-a163-c546175c7523,Chlorpheniramine Maleate and Codeine Phosphate,43.93
1557bee6-78f9-4e80-a280-095aea9d7da6,"NEEM OIL, TEA TREE OIL",79.01
25350d36-5567-487a-92d1-6570d93422d3,Diphenhydramine Hydrochloride,82.95
eb6d23bf-92c3-45e6-ae8d-983507b42686,"Avobenzone, Homosalate, Octisalate, Octocrylene, Oxybenzone",53.91
2ccdc2fe-e6ff-40a2-8542-bd6d8e5610ad,TOLNAFTATE,17.23
55188f1b-3293-4dfa-861e-3f7e19226184,Titanium Dioxide and Zinc Oxide,6.39
2b8c506d-14e4-477f-93f1-997372c1605c,Hydrocortisone,62.72
0cd99c5f-a8d6-4aac-9244-0a15b65279fc,Rocky Mountain Juniper,24.41
4a03350d-b2d5-4358-a689-50dcbf3202b0,"acetaminophen, diphenhydramine HCl, phenylephrine HCl",74.86
dc2deef7-05f7-47ac-8216-d62b35da9cd8,"Dextroamphetamine Saccharate, Amphetamine Aspartate, Dextroamphetamine Sulfate and Amphetamine Sulfate",83.63
3724ad89-2d4b-4ab6-8384-ee29b6573a89,Lamotrigine,99.32
d484e402-5e51-4906-9e72-a74877ee9959,"Codeine Phosphate, Promethazine Hydrochloride, and Phenylephrine Hydrochloride",76.24
3477e836-3150-478d-bf9a-f6cbcbce630e,SILICON DIOXIDE,42.43
f7690072-f17b-4616-8fb9-5d16e7b70218,Salicylic Acid,2.84
3ed6b6a6-9037-47b9-82ec-30542a48dcde,POVIDONE-IODINE,23.71
4c19927f-1d29-41f3-a0f7-b3305c20f09f,"CAMPHOR, CAPSAICIN and MENTHOL",51.06
f6318e5a-9c72-4d63-87a8-1963a69b7f67,ESZOPICLONE,28.08
a80127ff-9007-4c51-82c7-b7547e1d4aed,Hydrocodone Bitartrate and Ibuprofen,95.25
d8c3b882-52b8-47dc-9292-a921f539ef00,carvedilol,29.96
f2d86aa6-8ccc-495a-b645-adb71e82727c,GLYCOPYRROLATE,91.57
6e91ff93-17ff-4398-b0fb-c96ac9d8e340,Amlodipine Besylate and Benazepril HCL,16.25
86b93a96-4d6e-40a1-bc2d-9e12ec00b1ca,Allscale,23.85
791e8e14-fe56-4a52-a15b-80a523ea37ce,"Camphor, Menthol, and Methyl Salicylate",87.67
3e0c14fd-c9c0-458c-a5db-f1a37687628e,"Titanium Dioxide, Zinc Oxide",86.77
69686725-0087-4507-a9b3-df1acd9919c6,Cephalexin,96.31
1b097cba-f1d4-40d5-a355-5c77f60dc2e8,EPLERENONE,43.31
ebf29ca7-c57f-4097-a320-00524e56097d,Zolmitriptan,76.26
74951421-054f-48c6-b077-dffc19dfa86b,SILICON DIOXIDE,90.76
f45f7bde-829a-4480-9295-89f0b8253b43,Tretinoin,53.41
7658adb5-f763-41eb-af6b-5fa334530ee2,Allergenic Extracts Alum Precipitated,6.33
9fa253d6-26bc-45e0-a96e-e3cb2e39bd2c,Titanium Dioxide and Octinoxate,57.33
f916ebfd-2e10-464e-85af-bdb44bb1f2b3,METFORMIN HYDROCHLORIDE,9.91
4b305658-e421-42b2-bc8f-cbac79a3a9e6,purified water,14.37
47afa956-5133-4fd7-b867-f26ded1bbb12,Benzoyl Peroxide,24.69
210c6a71-b4b8-4c6a-93c5-86c6f7ddb3b7,captopril and hydrochlorothiazide,67.39
4a17b94a-689a-41d6-a913-c61fdd94d500,Guaifenesin and Codeine Phosphate,77.69
f1b31942-d22b-48e9-a9a8-1be785cb382b,ALCOHOL,65.92
4aa110b7-9a1d-402b-aaf3-17ecf9e8b552,Acetaminophen,57.59
763bcbb2-3dd9-4844-a189-2fd9884495cf,verapamil hydrochloride,6.15
c289334f-b8e6-44cd-9e71-51627a9b51dc,Acetaminophen,21.59
d53cad34-1587-46b1-9377-95887cad4e07,Cetirizine Hydrochloride,32.14
9bb105d6-c47b-4e61-b0ba-dc8a70ac1269,Ibuprofen,67.16
901f5b0e-1e6c-40dd-8504-084f8d639ccb,OXYBUTYNIN CHLORIDE,33.57
b4272ef9-8456-4905-a053-6f7886c06e46,clopidogrel bisulfate,71.29
d2c84fce-5a5d-4c5d-a07b-d4d833253cf2,Neomycin and Polymyxin B Sulfates,65.44
516d470f-fc45-4f9d-b1c2-e6baa712d7fc,"Dextroamphetamine Saccharate, Amphetamine Aspartate, Dextroamphetamine Sulfate, and Amphetamine Sulfate",10.92
39ee19c8-bf39-4aff-bea8-851123d29709,RHODOTORULA RUBRA,42.16
dfa15b7a-a03b-46cc-8a7e-ec0db4de081e,Benzalkonium Chloride,87.67
3106a5aa-125b-4a37-bca2-b48d403e1a4c,Carvedilol,55.43
83efe919-3165-432a-bffa-e3bc708d0639,Temazepam,95.58
330a5db7-5537-4c83-b751-2b9f6142b8c4,Ibuprofen,66.16
2dae7cc3-4805-4828-bcdd-47c72ce40f35,Horse Epithelium,92.82
52e49e73-fee2-4696-b87b-4c5bfa52af1c,Cefazolin,38.15
c1b09ef6-ffc2-41fc-834f-755d2f926ab9,"Butalbital, Acetaminophen, and Caffeine",79.54
a8d0ac6b-899c-4438-a2b1-d1f771e73703,fexofenadine hydrochloride,47.61
72a08f93-f0f5-4c2f-90f8-690258922134,"CALENDULA OFFICINALIS FLOWERING TOP and HAMAMELIS VIRGINIANA ROOT BARK/STEM BARK and ARNICA MONTANA ROOT and ACONITUM NAPELLUS and ATROPA BELLADONNA and BELLIS PERENNIS and MATRICARIA RECUTITA and ECHINACEA, UNSPECIFIED and ECHINACEA PURPUREA and ACHILLEA MILLEFOLIUM and CALCIUM SULFIDE and MERCURIUS SOLUBILIS and COMFREY ROOT and HYPERICUM PERFORATUM and",56.25
455b8489-5f40-40cb-a458-573077474e15,ACETAMINOPHEN,95.23
33cfaa90-8891-46d3-bef3-d1caaf129cf4,CETYLPYRIDINIUM CHLORIDE,75.85
c3082e8f-58e5-4845-b7ce-42b206961845,"Acetaminophen, Chlorpheniramine Maleate, Dextromethorphan Hydrobromide, Phenylephrine Hydrochloride",43.12
d738389d-0744-496a-969c-86cfd5b6c156,NITROUS OXIDE,11.97
1e61b2bb-939a-4c9c-afed-db121e939fce,zolpidem tartrate,69.9
cbab6e80-97f3-4371-87f9-2f7ea81206b3,Diphenhydramine Hydrochloride,95.1
bfe2f596-4617-416f-bddf-367e48951215,Homeopathic Alopecia Areata Treatment,73.49
9bc3b477-e33f-4015-a75d-ae53b9720a0f,Annual Blue Grass,28.95
374e46d6-3ba3-4ac9-9800-54e612e3786b,Lidocaine,70.6
2ce75f81-c33d-4483-980a-c31d1495f4fe,cucumber,5.28
81e9156b-7521-4f61-861c-cddb079f8ce2,Chlorpheniramine maleate and Pseudoephedrine hydrochloride and Dextromethorphan hydrobromide,93.67
e769063e-c218-4e9a-8054-a6df59c578fd,Juniperus sabinoides,33.32
e9f38bc4-951a-4880-98d4-3ffa725eed69,dexamethasone,80.22
2a7f4bc8-08ca-4dde-831b-425a05cb724a,Ponderosa Pine,57.42
db6c2cd1-99e4-48a2-8e7d-2c8eb90469c2,Maximum Strength Pepto Bismol,75.78
bac99cff-c9fe-4365-80a3-8fc5bff632bd,"Fel tauri, Ginkgo biloba, Kidney, Germanium sesquioxide, Argentum metallicum, Cuprum metallicum, Cysteinum, Aurum metallicum, Manganum gluconicum,",52.97
2e13aa35-7978-49bf-b0aa-15a0b366610d,ALCOHOL,92.35
e92a64a9-5e89-493b-b2e2-29f6266012c1,HEPARIN SODIUM,66.21
c1d51201-0c75-46a5-a230-e0c17037bbf4,Acetaminophen,53.21
6a1eb281-bbc8-4784-8a84-49f8c7258a3a,"Standardized Grass Pollen, Timothy",47.98
85fce694-032a-4336-b722-93a3eb6f70ce,Sodium Fluoride,80.65
c7d280fb-ea88-4666-8f77-2c017680e19e,fluocinonide,28.29
043d271a-b9a4-43e8-96d0-2ff75e44e747,Ethyl Alcohol,28.62
22eda80c-a0f5-43fb-b645-b056915cdb38,TRICLOSAN,93.3
783456b3-e3ee-4825-9099-22332f8f3333,Octinoxate and Oxybenzone,61.06
a1960c56-fd01-4fa7-9c71-6d9214c90430,TRICLOSAN,31.86
e47a084e-9045-458a-a9ee-590c1ffb99df,Leucovorin Calcium,23.53
708db1a0-6e25-48d7-923b-a6660fc79118,Sertraline Hydrochloride,94.27
4b688bad-465d-4fbc-a00c-4382d8cdb7d5,Trandolapril and Verapamil Hydrochloride,97.71
1ea28d3e-6a45-4474-b985-5c8eedc8cfbe,"Aconitum nap., Allium cepa, Arsenicum alb., Bryonia, Calendula, Chelidonium majus, Cineraria, Euphrasia, Graphites, Lycopodium, Merc. corros., Nux vom., Phosphorus, Phytolacca, Picricum ac., Pulsatilla, Rhus toxicodendron, Sulphur, Echinacea",35.92
02fb3cba-9029-4519-bb7e-91e3b18d5179,Chaetomium globosum,27.9
4f3de521-194f-48bd-8e3b-ea6ea13028cd,CETIRIZINE HYDROCHLORIDE,64.93
60ba15a0-4bcd-469c-a5ea-d6b6bf17e955,Allantoin,35.75
f19315ad-fa13-4ab2-9237-94cdf79445bd,Homeopathic Liquid,56.46
69794333-6e54-4e7f-99f7-23a14aaa48d1,Dexamethasone,65.32
f6146a63-80da-4c0d-8fc1-6ca7a0ba8f66,Petrolatum,84.57
377948b4-e80b-44e3-a47b-de35ae299cf9,Sugar Maple,44.26
aa7f10dc-4116-4e1a-a781-64dc53216468,Pravastatin Sodium,99.26
805ecbab-49c0-4d0f-ab41-5e204c879391,"TITANIUM DIOXIDE, ZINC OXIDE",83.38
de5bc134-9803-4047-9977-d74b13e8102c,Methadone Hydrochloride,30.18
4aaa7dbb-7286-43e4-bb55-6e509a4c690c,allopurinol,14.2
005b1d05-8601-468c-8453-6c289b5471fb,Warfarin Sodium,77.55
5bdc3b8c-7cfb-4f6e-91b6-2333ffc665cd,diphenhydramine hydrochloride,21.42
4df1d905-3d37-43b9-af4d-90cc101af347,Digoxin,8.32
0adf88ec-976a-4d79-943f-2842eafbcca0,azelastine hydrochloride,27.96
bde8a4c0-cca1-49b2-9a10-739ece35df0e,"Dextromethorphan Hydrobromide, Doxylamine Succinate",88.74
13c340d1-661d-47cc-afca-5ed0d563b586,"Berberis vulgaris, Thuja occidentalis, Apis mellifica, Pulsatilla, Staphysagria, Baryta carbonica, Bryonia, Hepar sulphuris calcareum",47.25
93e82029-0bd7-4d1b-8c62-8c632b43fb7f,Ketorolac Tromethamine,28.34
6a5d16b7-f792-4db5-b605-36fa1c6d2df1,amlodipine besylate,28.03
de730c5c-1360-4e07-87c6-c6ce43712713,Sulfamethoxazole and Trimethoprim,14.84
52941415-3a12-4274-a94f-4ce068a7ef19,Metronidazole,75.76
aee59997-9f74-4de8-a2ac-2d8b1190fae4,Atropine Sulfate,5.14
03385995-4ca5-4e12-af53-a0cf4c871bfa,Aluminum Chlorohydrate,51.53
410d7370-fb10-4776-8d07-829d7974c277,Isosulfan Blue,99.87
f7ba1542-50dd-40a7-bfda-3f37e2a1c39b,Simethicone,3.89
670b656b-94f4-485b-9b31-cc6b4f4605a4,Dicloxacillin Sodium,6.0
f8000887-d13d-4108-a00b-944b43270b07,Octinoxate and Oxybenzone,59.72
d013d86b-7102-4c22-a95c-de5350033371,OATMEAL,17.47
01b96bab-3013-4db6-8837-cec72a17acc1,Diltiazem Hydrochloride,6.87
b0750dcf-37eb-4ebe-bb47-ecb288dc50f8,LEVOTHYROXINE SODIUM,54.41
086ecbcc-0a4b-4564-8e20-9f5215a8e63b,Menadione,48.77
a759ce2a-ae62-457c-8d64-5db33421cf8c,Pyrithione Zinc,81.16
a82db6b8-38e6-4485-91dc-b0268a1f76ee,Fluconazole,14.57
cf8443bf-11d4-4b22-a403-415a2278651c,Doxylamine succinate,30.51
c7a00c04-57a2-4e3c-9a11-7ad114c963f4,East Sycamore,2.31
dd544fe0-5cb1-4459-83b4-b1f70d5819e6,Triclosan,55.68
14d14a27-e12a-48f3-91e2-75394e2d9268,Lombardy Poplar,4.73
79c4aa54-b1c1-4905-92d9-1c877f5f785a,Diclofenac Sodium and Misoprostol,50.8
7e4ff05f-9551-42aa-b926-16c45d314a7d,Risperidone,71.32
40278d01-f307-44c5-b03e-fbb4fe915eff,MIDAZOLAM HYDROCHLORIDE,93.68
201c628a-5841-4a82-8e8b-56dc9528cd78,Loperamide Hydrochloride,89.12
3b7306d6-0933-4b11-94b4-891413244a7c,Ibuprofen,6.74
b24e0784-82dc-469e-b742-33c7f80db015,Camphor,53.02
ef112480-925d-4493-9fd1-3e2dca1d06d4,"Octinoxate, Octisalate, Avobenzone",72.89
092f0b00-e512-44a3-a3b5-e3aab14396c4,Ropinirole,93.67
d30e2d91-5890-419e-af24-51f7c3e2b9c2,Norepinephrine Bitartrate,29.04
585c890e-bb05-48a4-a8a8-20b5b569296b,CIPROFLOXACIN,69.0
d366c41e-b803-4853-a370-a18355a7e50f,Avobenzone and Octocrylene and Oxybenzone,20.55
92252cf5-cb90-45a2-bb41-92aea8fb9e2c,OCTINOXATE and TITANIUM DIOXIDE,79.69
8e23b6e8-29e0-46ec-9e33-cac4ea880ac5,DIMETHICONE,48.24
ed136186-57e0-4d10-890f-7b1e2977229c,Mineral Oil,15.11
16f2a5d3-7eed-4b1b-bc5b-d793616d431a,Donepezil Hydrochloride,39.03
f1e68d4b-34f6-45f8-aa31-f9565f4a2d78,Lorazepam,2.47
5b464150-bcc4-48c3-831d-7de9ed3a4ba2,"Arnica Montana, Bellis Perennis, Matricaria Recutita, Ipecac, and Lycopodium Clavatum Spore",80.08
61050aaf-6532-42ff-8843-21d5fe632cd0,Doxycycline,62.82
06022a6c-0970-4de5-8b21-8e2febce4a6e,Ondansetron Hydrochloride,88.69
d4a1b46d-0771-4a85-9bde-c3479ba84465,PYRITHIONE ZINC,19.02
f968a2cc-311c-48b2-9aa5-24bb83127152,ethanol,17.76
9a7b1f62-cf32-4fbc-980d-0231a89a1b07,Allantoin,11.93
51a6dda7-e63f-43fd-89bc-7fb81eb476ec,Warfarin Sodium,16.93
bed515d0-e81e-4451-a778-e35125fa5e55,Salicylic Acid and Benzoyl Peroxide,43.4
95220d38-c2a9-4393-876d-e2183ca49ab2,HydrOXYzine Hydrochloride,58.97
3ec7b246-48b8-4517-9a12-95255ddec7d2,"Avobenzone, Homosalate, Octisalate, and Octocrylene",10.93
3ce340fa-9e99-4fcd-88e7-02e8e7adb081,paroxetine hydrochloride,14.51
adce1a18-3f12-492d-b82f-71f732984aff,Benzocaine,60.16
c72392d1-ac64-4e84-a441-d33d98fde34a,Cefuroxime,39.15
b7c5bc62-fc92-47fa-ad83-cd680056df52,Lamb Quarters,32.12
e536ab7f-7e68-4fd3-84d9-708ccbd72471,Cefpodoxime Proxetil,47.79
fbbd46c6-7d63-405b-9e4c-61d5c738c7f4,Ibuprofen,94.14
160910eb-395c-4df4-9828-619293ca4c29,ALCOHOL,45.3
36e0e6e8-c6a3-44c1-b621-31a019421e43,loratadine,53.69
5639417f-b986-49dd-b1c4-2385d2fe7d7c,cinacalcet hydrochloride,70.42
0e082ed9-b8f5-4065-a350-583de127112d,Ibuprofen,88.56
26fc00c4-d364-463e-851c-de63a1ccbaee,Oxygen,22.27
695999c5-7708-48d5-8478-6a462f2e9858,cherry,59.74
22a18272-2d2f-4fa4-8b51-c258f3ff96e7,Nedocromil Sodium,85.53
d602ba5a-08c0-4464-a8f0-fb5eb6cf4f37,Haloperidol,73.62
690a2da3-241f-4cff-b8f2-af4f9b777ff5,Maple Sugar,15.75
cc81c343-23c6-42fb-8372-47f8bdb86e2b,doxercalciferol,76.28
02906167-10d7-4c74-913d-124c96332786,"Angelica, Arnica, Mag phos, Passiflora, Silicea",19.42
e355e1a3-7621-48b8-a06e-39670238cdf1,NITROGEN,74.61
dccb01a8-f8f5-4214-8690-7eca0eb1b681,AMIFOSTINE,24.95
df8d5c86-364b-47de-8dc0-8f7547199047,"Isometheptene Mucate, DICHLORALPHENAZONE, and ACETAMINOPHEN",52.3
993af58d-8cbe-49ca-918f-5d9e79e36e34,ETHYL ALCOHOL,17.35
873c1180-8f0d-45f6-8c33-515c28a1f4d4,haloperidol,1.83
468289f9-b810-4835-a62c-e85704fa68a0,Levofloxacin,58.36
ef650b1f-55d1-49f0-b95a-52ac43172671,OXYGEN,88.74
17463175-6a2a-4a0c-9c1e-ffbb65b01e8c,"Acetaminophen, Dextromethorphan HBr, Doxylamine succinate, Phenylephrine HCl",83.41
7dbf466c-e159-45dd-858c-4c9711adf93a,Olanzapine,78.22
a10a450d-81dd-44f1-ad57-2cff0589767f,Octinoxate,61.3
0204268c-615b-4d03-bee5-f23a8c961778,nimodipine,36.94
f6b54e7d-bb57-4474-a94d-6cacd8ba3349,Acetaminophen,1.25
76926074-8ae8-4a99-8c2c-e07308b0b2b7,Warfarin Sodium,61.46
40af0334-3684-44a6-a25c-148de3d85c15,TRICLOSAN,49.92
d5cde5ea-f2a6-4fd7-b4cb-7105d88d4ad1,Couch Quack Grass,59.67
e959fbd6-1e12-4f8e-8fc7-36313640120c,"Titanium Dioxide, Zinc Oxide",31.19
da780e97-b445-4e11-acb5-8d02fcd5504c,ALCOHOL,38.11
0955fbcb-ea07-4de6-bb20-da8c44adada2,Sulfamethoxazole and Trimethoprim,85.47
acd57191-f80a-488d-b659-f5dcd89b40e4,CEFTRIAXONE,54.8
981a1408-bd04-4a1d-9b2a-966862d15d2e,clindamycin phosphate,92.43
c60c40a8-d1a4-4ccc-a491-e1e0c4304bae,"AVOBENZONE, OCTINOXATE, and OXYBENZONE",19.36
c7ff86dd-c5cb-4194-888e-8a2d9983eb12,venlafaxine hydrochloride,56.21
6fd457c1-a7ef-4a5a-8e00-ebce44726f8f,Acetaminophen,30.23
4abd078d-05a7-45fc-bd73-028b970699c5,cetirizine Hydrochloride,36.77
fb83e6f5-543b-4000-903e-25db579e2f02,OXCARBAZEPINE,88.64
99035488-d123-41f9-a15b-cdd16842e47f,panthenol,15.72
fe9fc0c2-947c-4d1b-8934-9bc70963a69c,benzalkonium chloride,96.92
66a9cd8b-c6a7-47ab-a8e1-134d444c4adf,Dandruff,19.95
dc685ac7-21a5-4213-974b-2a3e62a1ef90,pimozide,53.43
5acbfd1b-6b70-46f3-9770-bf96336c447e,Furosemide,18.83
02202a26-d551-4099-a93d-033230f21683,acitretin,11.76
9731ef40-876b-40c5-8fc4-fb2a369982e5,Propranolol,13.02
a311de9d-5520-4284-bdfb-1aee1592b44a,Glycerin,11.91
157efafb-2cd2-44a5-b00d-fa8114315848,"Padimate O, Petrolatum",42.89
48e404e5-7cee-4db4-8292-75b48bcd370e,"Acetaminophen, Chlorpheniramine maleate, Phenylephrine HCl",53.76
efdcf0a0-a538-43da-a64f-989ddda209f9,Lamotrigine,10.42
73449733-add8-4292-b6b5-c5959e61dfef,OCTINOXATE and TITANIUM DIOXIDE,15.01
eb589bca-cb4d-4a99-8d9f-691a3ebe97b4,Dextrose monohydrate,42.0
0b020e8c-9f7f-400b-bbb0-f682a36580fc,Octisalate Oxybenzone,64.16
ad0f5dcc-55e0-440e-b098-0d1fea12572f,Fluconazole,76.13
26b6b46f-7996-4dba-a647-91baed0ea2a3,Amoxicillin,98.92
c53a8268-5514-4181-ac39-513c341a0789,ibuprofen,9.4
1d35f8f9-7eae-42ed-972a-a63e86aec20e,Pseudoephedrine HCl,31.02
aca84752-4577-47bc-9429-3bbdf437fa48,Sennosides,5.92
e4f70e79-0af8-4c5b-8e42-07a36a66a499,Tolnaftate,61.4
aee74bbb-cf56-452e-86cc-776dfb0aeb85,"cocoa butter, phenylephrine hydrochloride",81.32
31a06dd2-58ba-42b8-9060-0c129316a6ec,"Dihydroergocornine Mesylate, Dihydroergocristine Mesylate, Dihydro-.alpha.-ergocryptine mesylate, and Dihydro-.beta.-ergocryptine mesylate",55.36
e73584c4-0d1d-4504-bc81-84f604031603,"Titanium Dioxide, Octinoxate/EthylhexylMethoxycinnamate",53.57
1c557f1b-ce07-45fd-838c-4e00413b997b,Bupropion Hydrochloride,55.96
d02378c9-5da9-4b9e-8bb9-3e0dd1c9473a,morphine sulfate,4.2
99e2c9ed-6869-4068-9825-1353c37bc41b,Carvedilol,6.71
5fdf841e-3911-4a58-beae-80db61075e91,Azithromycin,85.04
4373e860-79f9-45a3-9f88-c19cf4bb5aac,fluticasone propionate and salmeterol xinafoate,54.88
05e899a9-9dbf-455d-a4bf-2dfd5909ca8b,Hydrochlorothiazide,81.91
40a96cb9-b7c8-4707-8805-0881ee913b24,"OCTINOXATE, OCTISALATE, OCTOCRYLENE, OXYBENZONE",48.24
0d5e8872-2841-4009-a944-05b5ed723dc7,BISMUTH SUBSALICYLATE,21.08
ce3a3c5b-c878-4f81-a3d9-23e7fb20df10,Prochlorperazine Edisylate,6.19
6a418812-0594-473e-9229-7a9a7989f9dd,Helium Oxygen mixture,31.75
909776b6-3fc8-4c65-8691-401918bed8c8,Bethanechol Chloride,47.14
5c9207be-9150-4cd1-9463-ccde740cd7eb,Epinephrine,68.08
75bd19a7-911f-4168-9b22-91605048c3f0,Clonazepam,81.1
94c1ca1a-20e1-416a-b80c-06272371ffd4,Salicylic Acid,32.95
0ef8162c-93d1-4ac1-a122-d0bf3b05412e,Potassium nitrate and Sodium Fluoride,39.96
cf582135-2855-42e2-9580-e26294efc1a3,CIPROFLOXACIN,29.04
9ae8374e-60e6-4f37-a71f-76ba8832978c,Benzalkonium chloride,63.36
f152d47a-3c4d-4551-9cab-98ce4b4a966b,Fresh Cucumber Melon,38.21
1cc19a6a-b1ad-4d5b-a200-ea3e661d1504,Phenylephrine HCl,21.76
fe8db6df-86d7-45f5-9aa7-d8e48db4fd35,benzoyl peroxide and salicylic acid,78.5
9a4cf3fc-3c6a-4f4c-bedd-65af45c29516,Octinoxate and Oxybenzone,37.82
8be41387-dc0d-4d7c-98ee-5aa27d5d4295,LISINOPRIL AND HYDROCHLOROTHIAZIDE,44.37
c13c0a2b-250b-4a38-b9ce-52e93b4ccc82,Propranolol Hydrochloride,31.6
9ddf854c-7d53-480b-a4e5-e0249a81323d,Naproxen,29.85
47498d38-083b-4ac3-bf97-feb496feb68e,"Acetaminophen, Dextromethorphan HBr, Doxylamine succinate",60.19
ebd154b8-7b14-49b2-9150-366da3ba6317,"OCTINOXATE, TITANIUM DIOXIDE",12.75
f79111c8-ab90-44b2-a698-1155a4d432d2,Furosemide,40.96
42b271f0-0678-4ac2-b7b4-824f2dbde61e,Docusate Sodium,21.72
38e6387d-da31-4851-a138-52bf5df54ec9,"Avobenzone, Homosalate, Octisalate, Octocrylene, and Oxybenzone",86.26
76622e6c-2e40-4db0-8925-1ef8b274bc55,omacetaxine mepesuccinate,57.52
a40fb64a-1046-4036-b4ac-e0fac40d1fe0,DOCUSATE SODIUM,77.96
a4203528-03da-4ac3-acd1-07a76e27629b,PredniSONE,7.61
dd5c561e-3a19-4e96-ac3a-c3f3058e1f04,dextromethorphan polistirex,73.17
f5192bdb-7f49-4197-89b1-7b8d80a248c8,Irinotecan Hydrochloride,79.07
83987e96-281a-4293-9dcc-4885837f491b,Simvastatin,51.94
ae84f714-edd8-49fe-bfa7-d2350af09bfe,Acetaminophen,22.01
b3e773bb-dc0d-417d-a696-7d9dcb657110,SALICYLIC ACID,45.25
419ce2a4-238c-4e74-b2bf-86e80fb39687,"ARNICA MONTANA, CALENDULA OFFICINALIS FLOWERING TOP, HYPERICUM PERFORATUM, and SULFUR",32.44
1fe7deb3-6af5-4bea-b4ee-d382ee6e73cf,Sodium Bicarbonate,15.63
da021fdf-ef16-452b-b0a8-c494ab0db153,"Fel Tauri, Chionanthus Virginica, Arsenicum Album, Nux Vomica, Plantinum Metallicum",10.71
c7821af1-ecc3-4846-a728-f8dfa114aacb,Diphenhydramine Hydrochloride,5.69
8382d061-55ac-463e-9c85-0f2379c73425,"Neomycin sulfate, Polymyxin B Sulfate and Dexamethasone",58.38
864ed6c7-a80a-4b0e-ad67-8199482ef778,"Avobenzone, Octinoxate, Octisalate, Octocrylene",80.71
76e634e1-2627-423a-a7e3-364bf695543f,Water Oak,13.99
cbbae9d0-5b24-4a66-a42b-ce3385ef6c55,risperidone,70.76
3bb904bc-fa63-4e6d-b7a7-89c7392d8d8d,"Arnica Montana, Galium Aparine, Hepar Suis, L-Isoleucine, L-Leucine, L-Valine, Pituitary (Suis), Hyaluronic Acid, IGF-1, Elk Velvet Antler",72.58
8242a92f-1a32-4bc4-b0bc-963e0491f9da,"Acetaminophen, Dextromethorphan Hydrobromide, Doxylamine succinate",66.01
0c1850e1-5c31-4233-b8f5-85bfb05c96c8,METFORMIN HYDROCHLORIDE,63.92
7d5b2d94-c3c6-4d06-90b1-ca72cf15a766,Metreleptin,58.26
10cfba55-3f37-4bed-a186-b8a46167745b,Naproxen,61.25
e039168d-ba66-4a65-bf0e-8b362220a492,WARFARIN SODIUM,54.09
7e762cb8-2a8e-4130-8fef-33c928ac5646,Enoxaparin sodium,62.25
6d61d254-9dc3-468c-9293-414c1518e38a,Octinoxate and Titanium Dioxide,82.17
3aee6cf7-4fa7-4acd-9e2e-f5c3e90b0742,dexmethylphenidate hydrochloride,45.18
35722cf9-2612-440f-ae6e-26a58f6ec479,"zinc oxide, petrolatum",95.14
81b8cdb2-ac4d-45a8-b9f9-4d3687d9f28f,Allergenic Extracts Alum Precipitated,21.61
692dfca2-74e9-47b8-9b75-71b0f1750632,Valacyclovir Hydrochloride,81.7
eef6c98c-2590-4d5e-82d6-e4e774b7ee76,"Sodium Chloride, Potassium Chloride, and Calcium Chloride",57.22
73de8bff-151e-4b8d-b59a-51734cc9e447,Octinoxate and Titanium Dioxide,64.22
e70c3495-ea96-406c-9744-0cf9dfe27621,populus deltoides subsp. monilifera pollen and populus deltoides pollen,39.21
a469977a-c275-4557-84b5-a193b3d45281,Donepezil hydrochloride,91.65
b8907ed2-fcb7-4d23-a0a7-c125a2dca717,Lime,57.15
571b36c0-20b8-4ec2-80d3-433249abb987,Ibuprofen,61.44
e08e87a7-2d88-4cca-9858-c4ce9d2decbe,Diclofenac Potassium,85.91
0876f029-d63e-4050-a5f6-e27ac8824ebc,Extra Strength Acetaminophen,16.51
6388303e-4a06-4b14-90cc-b44ad2713487,"DEXTROMETHORPHAN HYDROBROMIDE, GUAIFENESIN, PHENYLEPHRINE HYDROCHLORIDE",51.71
32a3b976-c9a9-47d2-898b-d630318b983e,ALUMINUM ZIRCONIUM TETRACHLOROHYDREX GLY,80.95
3ba7fe06-aeda-49b0-9f8b-636a09711ce3,Quetiapine Fumarate,40.26
a7033b9e-a4b1-4bba-ab0b-47f065a2ec16,"AVOBENZONE, OCTOCRYLENE, OXYBENZONE",2.65
25613810-41ce-4dcb-808d-0dbba1b56202,Levothyroxine sodium,86.01
0607f250-def7-4a5f-9671-08545e73d380,Diphenhydramine HCl,60.97
350bea3b-8758-4ab0-a94f-c5e51ab017e4,Cetirizine Hydrochloride,61.39
d75a2781-3cc0-4967-b10f-c96625618460,Verapamil Hydrochloride,32.23
ca6f3087-aa70-41bf-a0fe-ee1df9eaddde,"OCTINOXATE, OCTISALATE, and AVOBENZONE",49.01
2ef8fdba-6963-4c71-b3fb-c443dee3a73e,Primidone,21.48
f3cba621-2cd5-4c5f-aa8e-4059c0cc6e14,Cephalexin,77.77
b8e7e8a2-4436-40b8-afdb-23903500594f,flecainide acetate,81.65
e112e7ab-25a1-49f4-a4bb-fbb8eafa96af,WITCH HAZEL,4.14
5981836e-fed9-4f25-9e6f-560a7bac49f0,Ethyl Alcohol,67.43
bddabc31-2662-46d1-bc0f-36ca5cf3b740,"Influenzinum, Morbillinum, Pertussinum, Aconitum nap., Alumina, Antimon. tart., Arsenicum alb., Baptisia, Belladonna, Bryonia, Cinchona, Crotalus horridus, Gelsemium, Kali bic., Lachesis, Ledum, Merc. viv., Mezereum, Nux vom., Phosphorus, Pulsatilla, Rhus toxicodendron, Silicea, Sulphur, Thuja occ., Vaccinium, Apis mel., Echinacea, Hypericum",52.86
a4a3a1b5-098b-4f1d-8173-c6b94cd19621,carboxymethylcellulose sodium,39.32
bbf4115c-7bcc-441f-b88a-007c9f727495,Hydrochlorothiazide,15.25
cd60e98d-f0df-4865-a3ca-467e24743483,METRONIDAZOLE,10.55
58b7cc9b-ce25-4f3b-977b-e7de71804884,"Octinoxate, Octisalate",44.28
dc7ea94e-408c-401e-a659-a9888cf12369,"Acetaminophen, Dextromethorphan Hydrobromide, Phenylephrine Hydrochloride",26.01
b871a5c5-1381-4725-949a-5a833d3fddbe,methotrexate,86.32
cbd5fef0-2f74-4c3f-92ab-148ce0d5f581,minocycline hydrochloride,35.92
bd88ac6b-9593-40bd-9e4a-856ba657c3c7,Acetaminophen,66.34
5cccdcdb-250d-43b2-8fad-3402105ae09f,"cocoa butter, phenylephrine hcl",94.52
17125eb6-c98b-4136-a5c1-0f5d43dc97f5,Pyrithione zinc,46.03
4c8f80db-a83e-4af1-8f4c-38e329608d2a,BENZALKONIUM CHLORIDE,80.04
8a841dcc-1f09-4b04-a30c-5962ba5354c0,Lidocaine Hydrochloride and Epinephrine Bitartrate,87.54
c6dbe680-5f2d-46dc-a430-a9046f4f2b5a,Primidone,81.26
110485e6-f240-45bf-933f-a46257a4dfec,White Kidney Beans,36.09
1dc6bd68-b5d3-4fc2-930f-51a82c7ca62a,Octinoxate and Titanium Dioxide,8.88
8e8275d0-ef9c-4ef8-bedd-c1b4ac072c43,COAGULATION FACTOR IX RECOMBINANT HUMAN,7.63
724108ee-b9f3-435d-80b6-5c7be8382746,"Ginkgo Biloba, Chininum Sulphuricum, Cinchona Officinalis, Graphites, Natrum Salicylicum, Plumbum Metallicum",21.85
ce4eae0c-6f6b-4876-b334-0fcb4c489232,Oxymorphone Hydrochloride,30.62
5b646d24-4057-4276-a047-34a7336841df,clobetasol propionate,15.62
c74c7f73-71b4-4be8-940f-f3db919014a1,Ranitidine,69.36
a9742322-ee0b-48b1-a375-d2675f6085ef,"Aconite, Arnica, Calcarea Carb. Calcarea Phosphorica, Carbolicum Acidum, Hepar Sulph, Hypericum, Rhus Tox, Ruta Graveolens, Symphytum",84.64
6feb0910-820c-4e94-b3af-68e815627653,bepotastine besilate,16.9
dc7ae7d1-2b03-4639-9513-473f0c0fe090,telavancin hydrochloride,26.67
4a8e0651-62ce-4a0e-9ba1-8abf3c9ca7e3,Meloxicam,76.09
14581e7b-39b0-4f55-a70f-c9d6d867de6e,"Avobenzone, Homosalate, Octisalate, Octocrylene, Oxybenzone",90.51
d30843bb-804d-4743-b7e7-7c83c467f29f,"ALPRAZOLAM, CHOLINE",78.87
912cefb4-4a7c-4b45-abaf-8db33725984b,Aspergillus fumigatus,90.01
3902f453-60e8-4e35-b445-ec9119ebdde1,Diazepam,89.03
f41b3c23-0e22-436f-b29e-24045db68925,ALCOHOL,74.08
16a01525-53f0-4f58-8ef6-1e6a3f9e47d1,Neomycin and Polymyxin B Sulfates and Hydrocortisone,39.78
90cfdd29-a790-406d-afdf-621cb29e65f0,topiramate,5.64
40cbf3f4-ea7d-4757-b45d-813b6385ba3a,ACETAMINOPHEN and PHENYLEPHRINE HYDROCHLORIDE,97.6
43204842-d4c1-4f7f-9036-c9b33fd9a9ee,sodium fluoride,69.1
fef38e27-ebb7-4b76-b6a9-aa4a7f45e7e1,MENTHOL,29.95
2d68beb2-0c04-430a-b0ec-d4c2cae2cb41,Naproxen Sodium,89.17
36dbd876-0cd2-43dc-ab65-b2d156a35a00,Benzocaine,4.22
c2139eca-5eba-4d30-893d-f6a239269c14,Omeprazole,20.78
82dd629e-37f4-415d-a626-d02a21615524,"SULFACETAMIDE SODIUM, SULFUR",17.55
63f39028-d204-4b55-8c96-19c143cdc7f0,"House Dust Mite, Dermatophagoides pteronyssinus",45.75
eda73198-a2d5-4908-a243-c24731021f23,TOPICAL STARCH,93.72
9e0f6018-c859-4af7-9735-809f1b87b7b5,Diltiazem Hydrochloride,12.25
cf366dc5-a4fa-4fac-bbf3-ad8ba238e92e,FERRIC SUBSULFATE,45.05
2cf59047-59dc-46c6-ba74-36d42ea7af54,Chlorhexidine gluconate,12.02
16d5ab18-2fd5-4a26-9b02-d026fc079603,Mentha Piperita,50.36
29440daa-1c61-44d1-9d3c-6028fcbcfc74,TITANIUM DIOXIDE,17.49
6bc54f14-f512-4812-8d3a-bc559a9c9cf4,pramlintide acetate,30.9
c35b8bd6-0b38-405f-bc9c-c979a241220f,Titanium dioxide,52.21
835cadb5-2e69-46b2-8af6-f3cd57e641be,Octinoxate,84.47
f60eab7f-2565-40eb-a807-62c8f475e5a6,calcium carbonate,6.62
40253f81-ff01-4cb3-ab49-954ad5fc4a2c,Bromocriptine mesylate,13.22
ca098c9b-1f42-4441-bc74-19ea1cd4ce12,GELSEMIUM SEMPERVIRENS ROOT,20.29
88072305-a0bf-40e2-927e-7d409e36bedd,Aspirin,53.21
45ec3cb7-5404-45c1-ae25-45933e703182,CHROMIC CHLORIDE,44.33
63390890-7147-4edc-8812-fb3b8b63569b,Loratadine,69.41
578f4d10-de8e-4264-9aaa-6d13d1b301d9,Ensulizole,47.86
dfb009cf-b0e0-4521-b128-0c9136ec73cf,MANGANESE CHLORIDE,21.69
d7651c02-5b32-4ff8-aa4a-944da8f7e84e,"dextromethorphan hydrobromide, brompheniramine maleate, phenylephrine hydrochloride",76.73
f6068fbc-2e75-4088-9041-ab46959a7cd1,Ibuprofen,16.53
21a8d176-8fbd-47fc-a1a7-d0bd98a44b8d,"OCTINOXATE, Zinc Oxide, Titanium Dioxide",11.22
76fe0927-b133-4142-b4bd-ec1bb408ad6c,"Butalbital, Aspirin and Caffeine",40.36
2626d5fc-1942-482e-801d-dfd1866102ae,bexarotene,89.4
cb02c6d1-fe9b-4659-804d-ab16348ccc01,Methocarbamol,41.28
5f340e1c-f639-4e64-9103-ec334ab6f426,Triazolam,77.76
1d83cd99-c761-474d-b258-f7adeae64086,"Avobenzone, Homosalate, Octisalate, Octocrylene, and Oxybenzone",14.78
d1364bd4-8cca-4d2c-9f3a-a83adfccdef0,Loratadine,28.2
8b51537d-d438-407f-a5cc-e73ef00a2aa3,"Zinc Oxide, Calamine",99.26
8d65d67c-2d49-45e8-b0a3-c75039dfffa6,AZTREONAM,33.86
779880c3-f60d-43c9-942f-40b1b8c27047,Losartan Potassium,47.95
c3f2699e-41f8-413c-8eb1-ad1dff7412d8,LEDUM PALUSTRE,19.45
deb5d889-5ffb-4680-8eeb-9e4ff542898a,Adenosine 0.04%,8.7
69eb8c98-bc49-4e8d-b1d6-a07f82e00166,WATER,64.33
a712ea35-dba1-4264-9ed0-bcd70c5f8895,Bumetanide,50.92
fca65b03-5142-4cd0-b644-b321d62f99e0,Aspirin,38.27
a839d6e4-e773-41d8-a5f2-26fc608872ef,Aluminum Zirconium Tetrachlorohydrex Gly,87.92
a8d76864-fd65-43c7-8fd6-ff6661d68ff4,Agaricus Phosphorus,83.13
9f2681c9-775a-4c3c-99e5-9eda956a797b,"Cocculus indicus, Colchicum autumnale, Gelsemium sempervirens, Juniperus communis, Kali carbonicum, Kali phosphoricum, Nux vomica, Passiflora incarnata, Phosphoricum acidum, Phosphorus",82.66
26f6a4dc-2560-449d-9f76-e67a94571f98,pioglitazone,63.01
fff96e42-f530-496d-8c42-c2cd905bceff,Aluminum Zirconium Tetrachlorohydrex GLY,38.89
4eab29dc-5cb6-473c-a12b-628e187e7b9a,"Pepper Tree, California Schinus molle",35.91
628f3507-e511-455a-9d91-d6ed51572cf1,"Acetaminophen, Diphenhydramine HCl",48.27
1e20d7c3-f54a-4bc4-8ff4-014927dcaed2,ISOPROPYL ALCOHOL,75.71
5f5cfe73-cb4b-408b-931c-6d7a0a2aa170,"Capsaicin, Menthol",8.83
32f50928-bdbe-4a11-ae58-fc94e2496681,lovastatin,44.75
f23ce057-7b25-4d77-9340-70923d6e0c79,Pinus Sylvestris,1.75
b86513b8-ffb7-4568-ae2d-2fde9dbe17c9,Mushroom,19.21
d6db79ac-ee06-4563-8f14-2b406ea0b0fd,artemisia ludoviciana pollen and artemisia tridentata pollen and artemisia dracunculus pollen and artemisia frigida pollen,52.73
4694d619-9254-44f9-bc99-c97fdbd20dce,Octinoxate,64.87
dc4836ff-2fd8-4cee-b6c0-36c02d631340,Loblolly Pine,26.23
96984699-3681-453c-a611-bff06b98a58c,Bacitracin,45.55
ba63d64f-6e9c-42b7-85a6-f93caa6cddac,HUMAN IMMUNOGLOBULIN G,51.43
1f1e83cf-2faf-42b0-aa3a-a656217f6c7f,iloperidone,99.31
9772ffc1-3fdf-4187-a9cf-519f334475c2,oxycodone hydrochloride,25.91
127f6f24-8f4c-40a7-acc3-2f1d38356a1e,Folic Acid,99.0
acedffd5-7f6c-41a2-934f-f6e756e4352d,calcium,79.54
1bfe1279-a056-4996-8ff4-6da55060d7f8,Acetaminophen,44.05
60bb2d77-9610-4bc4-9ee3-757d2ba8ffd4,Medicago sativa,37.98
12c441dd-382b-413e-9c2c-677388605b44,"Dexbrompheniramine Maleate, Pseudoephedrine",36.26
3ab04228-e890-4537-8c0e-4c5d3f90edfb,"Acetaminophen, Dextromethorphan Hydrobromide, Phenylephrine Hydrochloride",93.36
f161dd63-455a-4ac5-b168-5e1f10602673,Mucor plumbeus,91.08
3220b8af-e4cd-468b-9420-773256d78863,CALCIUM CARBONATE,10.93
de004eef-879a-4f32-8384-02c50e054cc1,"OCTINOXATE, TITANIUM DIOXIDE, and ZINC OXIDE",79.76
09487d0f-2fcd-4d7a-aa17-7cd4cc3b7412,Alfuzosin Hydrochloride,42.05
72d1031d-cc9a-43f1-bd65-749795d3afed,Hydrochlorothiazide,94.45
d879cdb7-8a1f-4110-884c-9a2bc07e289d,Secale Nicotiana,90.72
db832e15-c5f3-41f9-9d47-517f6b317b88,Treatment Set TS330718,21.85
3be3814f-2e94-4872-b905-e13354172d40,CYPROHEPTADINE HYDROCHLORIDE,81.54
20cd6a8c-3685-45e0-bc72-8b16e123287b,Menthol,97.84
f8085dc8-0c5f-4ef5-8d2b-371ba427e1fe,Chlorothiazide,60.85
27bb1846-1b97-43fb-a8ec-2e2776df9dad,"OCTINOXATE, TITANIUM DIOXIDE",21.2
d6e929fc-1fbf-43ff-accc-99add6b6b799,Theophylline,43.22
a92f5327-c987-479d-9470-f1239916390a,Diclofenac Sodium,93.53
017f755f-c271-4972-bcf5-807ca97f5aa4,Hydrocortisone,61.5
bf5a0aad-755d-42c0-82e6-39c7359f4ca5,Salicylic Acid,52.62
0343e56a-759b-48d9-8c1a-2a5df7e552ad,Nicotine Polacrilex,7.51
4f6c6017-9922-4fbc-8fc4-6c4efb3cf3e5,lomitapide mesylate,83.94
6446a984-fe9a-4558-9bde-74fc6c34a539,Naproxen Sodium,74.78
dcf9c381-8e81-4da1-b37e-1a08c71fa72d,METFORMIN HYDROCHLORIDE,47.99
c99c1a7d-813f-43d4-a2b6-785d1c6e249a,Barium Sulfate,60.72
d753855e-e57e-411e-a7b3-5f24293c5928,Guaifenesin/phenylephrine,78.64
21c812e8-6bfe-48c3-b93b-b3d293837cee,"Aralia Quinquefolia, Avena Sativa, Glandula Suprarenalis Suis, Arsenicum Iodatum, Ignatia Amara, Lycopodium Clavatum",56.87
ef5ca3d1-be91-4bad-a734-de53738815cf,Clarithromycin,74.59
2631b840-d734-44af-ad1e-22b9d82bacd8,Folic Acid,59.04
71e4eddd-b7cb-4303-97d1-84d6eac01071,"OCTINOXATE, TITANIUM DIOXIDE",54.96
b9a8dcaf-97dd-45b4-8ef2-e82fb2383a2d,Acetaminophen,59.98
79f465de-490b-4399-963d-93debf5107e6,Lidocaine and Prilocaine,6.39
a88b7cc5-ef76-4b1e-a559-d5445194b9c0,Famotidine,99.38
f12cb7c3-8cca-48c0-ba72-1adbd03bc1a5,ONDANSETRON,16.09
c83c3816-dd7c-4a4b-bad7-2b834fafe1f0,sildenafil,98.93
f921fb5c-29d1-4a13-9b4c-6275c62e7230,Acetaminophen,39.22
de9fb237-7dc7-4383-a287-8fdf008ad4fb,MENTHOL,99.16
0cfe8eef-a6ef-4211-bda3-943de78c5427,Sulfacetamide Sodium,83.17
c7312262-aa99-4cc1-931f-947951c71e18,PRAVASTATIN SODIUM,52.59
8bba975d-1bd1-48b4-adef-9706c195042d,Natural Medicine,72.72
51d02a6f-ffea-4d56-9d17-02ac625b88da,Trospium Chloride,37.96
d53b0c9b-7296-43db-be23-c92569c2d7b8,Amoxicillin,10.18
edfc107f-6d7b-4762-8290-88ac9af28bfe,Sodium Fluoride,91.53
4c8421b0-ad39-4b2f-9bb5-098fc1668aaa,Ergocalciferol,7.35
228c461b-1642-4939-a4f7-df8ea2e6b3d2,Fenofibric acid,26.2
114ce243-dbed-492e-b9f0-ce6fa90e763f,ASCLEPIAS TUBEROSA FLOWERING TOP,21.45
b2ff42da-8bb6-4e38-b5d8-146efa0d8529,Chlorpheniramine Maleate and Pseudoephedrine HCl,10.3
de2f53e5-cfb5-4719-8ea7-c814e2970e86,I 131 Mini,30.22
441fd0ec-acda-4141-b93e-ce01dcf9cfaf,Acetaminophen and Diphenhydramine HCl,68.76
462715fd-3948-4131-a623-1487395a82fc,Potassium Chloride,16.29
5df62b94-baa3-4412-b55b-ccbb983aa4f1,metformin hydrochloride,45.41
2109789a-a0e6-4ae6-9352-fc2c12161929,Rabbit Epithelium,79.89
1182c77b-410d-4afd-b989-e55b890a90ad,German Cockroach,78.13
974923fd-15ab-4293-a907-07822e043a98,"Dibasic sodium phosphate, Monobasic sodium phosphate",81.79
c4ab0587-67a5-4541-bf73-0d2dafd45139,Ambrosia artemisiifolia,93.5
ecc9f3cb-69c7-40a5-acdc-b29d1cc40602,Chlorhexidine Gluconate and Alcohol,5.61
ab75129c-83f1-4db2-848b-2406ae82ec3e,LEVONORGESTREL AND ETHINYL ESTRADIOL,62.29
9e3de1dc-1e59-435d-9abd-9a583bd8e1c5,Barley Smut,94.6
699a32d2-84f8-4df8-8703-95f6ebc1d0c9,Benzocaine,4.11
9b1cccc6-70bc-459c-839e-998471908484,Arnica e rad. 12,3.72
7b6805cb-2dfe-4dde-8085-d4fe7d8aa6a6,acetaminophen and codeine phosphate,79.25
de311e84-2adb-4f98-bf61-64a05804a878,"Methyl Salicylate, Menthol, Camphor",6.58
7dd25ef2-1f7f-4d73-8c14-97e945b305c5,"Squalene, Cholesterinum, Estrogen, Progesterone, Aspartame, Benzalkonium chloride, Formalinum, Methylene chloride",55.58
6b2a61c2-dd12-426e-a432-604b215e267c,Melaleuca Pollen,71.19
c45656d0-50a2-4d7a-8f27-a7d4d3d521b3,Finasteride,3.14
15b94764-8a40-4646-82b6-8ad01c2de3d0,TOPIRAMATE,86.11
99717f58-57a9-4ba1-a538-ddb4b4f455e1,Atenolol,14.28
38b011b0-9a0c-4c7d-9ede-b7e1de0080a9,Calcium carbonate,54.62
1ac055c3-d092-4063-bf3b-590ef3230193,"Acetaminophen, Doxylamine succinate, Phenylephrine HCl",40.04
0fe63362-b23b-4d9f-9e35-eb5e20957e0c,"Avobenzone, Octisalate and Octocrylene",83.22
4d62bb7c-9ca2-4ebc-ab22-bec693b995bb,Ciprofloxacin,62.8
ba700ccd-58c3-41b6-8f21-a58445e7b9c2,Diphenhydramine HCl,90.82
31c3b0d5-2872-4cc5-aca6-b5eb42b279be,Titanium Dioxide,65.82
f50a4ac4-6f19-4b4e-837d-9978040b6889,Octinoxate,45.87
31a49b6f-6f2e-4e77-88cd-f203b3d3877e,Promethazine Hydrochloride,91.17
6ef3919a-e335-454b-9302-d4b238a908e5,"Vitamin A, Vitamin C, Vitamin D, Vitamin E, Vitamin B1, Vitamin B2, Vitamin B12, Niacin, Vitamin B6, Fluoride",7.93
373198b6-6222-4b03-9deb-a92b83760add,Oxygen,88.51
5348cb3c-3158-4a8b-803c-b65517af08c4,CALCIUM CHLORIDE,59.5
ffa89d60-5ee7-4888-a548-00cbf148c7dc,Levothyroxine Sodium,83.79
dd02bd2b-ee0a-47dc-84a7-b023ebe675de,Phoma glomerata,11.69
a2ea4504-9799-4598-9ada-56b46cc4695b,AMANTADINE HYDROCHLORIDE,79.72
ea57f738-cb60-4402-8cd7-d1e0a0d5d3c9,"Titanium Dioxide, Zinc Oxide",62.39
81ff2ab8-f0ae-456d-80a4-a8c59b27311d,Dextromethorphan Hydrobromide,40.07
352a87fd-779f-40a6-b4bc-d098d9b91967,Clotrimazole,74.97
52d61db2-8ab1-444b-b5cd-bea2a81d233b,"Berberis vulgaris 3X, Lycopodium clavatum 5X, Nitricum acidum 6X, Sarsaparilla 3X",48.04
a45ee9f1-241e-42af-8b97-b0d929826ea4,"TITANIUM DIOXIDE, OCTINOXATE, ZINC OXIDE",64.94
7a05e2b2-2c50-4060-8fa7-2f8d28d1f300,Oxygen,45.36
c3a9799e-c666-4509-9d81-08015bcd2628,Albuterol Sulfate,81.86
f25e6114-2af1-439f-8a70-26b4068d2a5c,"Acetaminophen, Dextromethorphan Hydrobromide, Doxylamine Succinate",95.81
4be3a792-ffeb-4fce-944f-e310ab1a0f58,Budesonide,77.48
66278622-5cf0-4429-8f9f-6ef41e896f6e,iron dextran,95.0
b9a3818f-6825-4430-9264-a0ac43224fdb,Pinus strobus,84.35
0c158ad1-ea8b-4953-8071-0d47b587a07e,Triamcinolone Acetonide,54.69
0c752512-370d-44b3-886c-266e1dffeb18,Carvedilol,18.41
bc92a1ed-3cde-45b5-80e5-c28a2d85ccf6,Phenol,76.97
ca6df512-023c-4d43-8f67-e4043c5358fd,Ropinirole Hydrochloride,86.21
69b5bd67-52cb-4879-957e-b9c61660aa62,BUPRENORPHINE HYDROCHLORIDE,71.23
c1f1b783-a8b8-4e29-970a-5c723a64878e,morphine sulfate,96.83
1b6c605d-26eb-4b54-a2c4-04d4a0bfa2bd,Nitroglycerin,56.34
dd30fb04-0670-49f1-bb17-ea3088c707d6,Doxycycline tablets and NicAzelFORTE tablets,69.17
3e87ac3e-9b23-4bcf-884d-35028ca2e42e,OCTINOXATE and TITANIUM DIOXIDE,27.7
92559461-6ccc-4d7e-8526-4b2dc296b75f,Metronidazole,22.91
9c139997-15b2-4bac-8357-c50b6fd28c1f,Octreotide Acetate,27.65
a05ddac5-3913-4f27-9b18-2990b585f8f2,"Beech, American Fagus grandifolia",94.81
959f90e6-d5ef-4cbc-a688-19c546e3bf00,Yellow Dock,20.55
b4e8fc28-fa76-4ad7-ba4a-d962defabe26,"HEXYLRESORCINOL, MENTHOL",78.96
6e57d86f-d2e9-420b-af87-e5bd62cb7e87,Benzocaine,9.97
e76f8435-90cb-47f5-aeea-ebfa752f0486,Triclosan,89.49
fe319e3f-e1f8-41f1-8f04-65b1e950bd88,Diazepam,11.08
c3227030-530c-4ba5-9a5f-b10583462bd3,doxercalciferol,9.43
38293f53-cab8-446b-9194-99db317a6e8c,Antimony Pentasulfide and Potassium Iodide and Polygala Senega Root,10.29
5af275c2-7893-4a4e-b46c-b157086b37ec,Olanzapine,90.81
cbc14f9d-0944-49a7-a08e-e45e84d41f53,SALICYLIC ACID,60.7
4a39c1a1-54da-43cd-89e1-b5e4ef8c96e6,Phenylephrine Hydrochloride,9.14
e6fabbdb-8f77-46b9-80fc-3885c5ddd51b,Fluphenazine Hydrochloride,92.14
14bd3c36-d55a-4a97-bf6f-0a51954b64fb,"Octisalate, Titanium Dioxide",95.55
65efc068-87d4-4864-b127-847c0f499783,Beech,9.66
eff6cd21-0e54-4c40-a557-4f47c307d737,Levetiracetam,19.98
b5951df9-2bcb-4bb6-b7c8-b1ba98ee8219,Carbon Dioxide-Oxygen-Nitrogen Mixture,69.53
f93a5f0f-8a02-463b-84bb-70badd9b2b7b,OCTINOXATE and TITANIUM DIOXIDE,56.92
28873932-8aea-4c9a-a7cc-ba221624552e,OXYCODONE HYDROCHLORIDE,27.05
1fda69d5-914d-44c3-8063-d8c80c5cca0d,Octinoxate and Oxybenzone,81.12
87f0b8f4-be03-4896-ba34-1ccafe7a5357,Fluoxetine Hydrochloride,34.7
ee042f6d-a1e2-4ccc-914b-9aceb2a3b8b7,Nystatin and Triamcinolone Acetonide,99.17
06f62125-6d93-41c8-b397-f9a9ebb00d81,isoniazid,65.98
7fa06415-cc2a-4a1b-8638-37fdf48e924e,clorazepate dipotassium,22.38
2d8d2ca1-46ed-4c3c-8ebe-47dae92faf51,Loratadine,37.88
364561a9-cef5-451f-9729-99b65ebb1d9d,Chlorpromazine Hydrochloride,24.01
55f09513-1eda-44d6-bc1a-b8b94a0cfd15,sertraline hydrochloride,87.08
c59a5c54-95ad-400f-a5f4-7e4b7fe1cd69,Clotrimazole,70.12
02e31233-d367-487b-93ea-d21291f13cb5,PENICILLIUM ROQUEFORTI,65.36
caf842b3-a157-47cb-92ce-83433beacceb,Isopropyl alcohol,33.51
58723cab-4346-4f7e-9e6b-23b22a3f10d8,"TITANIUM DIOXIDE, OCTINOXATE, ZINC OXIDE",5.61
235a7e14-0a67-4471-a9e7-1b86d93c32ee,Cuprum Stannum Special Order,5.18
d8d4d1b8-1aa9-4c2c-8d29-4b109a43241c,Amlodipine and Benazepril Hydrochloride,66.22
f6ef0d56-d186-4275-8115-4bde3a81b23c,Nitrogen,89.31
28534a1c-532e-4825-83bc-a313c766b62b,Carvedilol,43.79
4a8cf31f-61a7-465d-bc34-fde41a39797a,Alcohol,40.04
7fbab495-7e46-4500-9a5f-caeb59b1af4d,Benzalkonium Chloride,17.31
b1eeb77b-3eca-44bc-8ed0-ec26eaf13bad,Lisinopril,77.13
65e06c47-ba69-4885-a248-b8c4426def0d,Aspirin,64.2
147cbf95-d11d-456d-9072-8ab6a7b4f4fa,isopropyl alcohol,76.82
832119c6-fac6-49ec-be69-12dadffacfba,CEFAZOLIN SODIUM,24.43
f1ffa17a-1e2c-4f84-93ed-76829c2d24dd,benzalkonium chloride,37.47
6e9b7ccb-411e-442a-bed0-e805b48c6e7e,"Avobenzone, Octisalate, Zinc Oxide, Octinoxate, and Oxybenzone",79.7
505171ef-0dab-4686-bf89-fc3baff32ad7,Triclosan,59.0
2ac21791-691c-4b17-9e0e-dcad9486b181,Festuca elatior pollen,82.46
e4b6ab08-c76e-4466-8162-94e8d3163446,Clonidine Hydrochloride,85.03
2264ae86-4d93-405d-8b89-cdfad7fe5145,CALCITONIN HUMAN - CALCIUM CARBONATE - CALCIUM FLUORIDE - CALCIUM PHOSPHATE - ISOLEUCINE - LEUCINE - LYSINE - METHIONINE - PHENYLALANINE - SUS SCROFA BONE - SUS SCROFA PARATHYROID GLAND - THREONINE -,75.08
dc79eab4-844e-4a02-a636-fa735784d091,Divalproex sodium,19.59
915676fb-6dd3-4a4d-9ef0-5fb3469b46a7,methylprednisolone,54.68
aadb6617-9cb1-4ec0-bb62-fa38d28af487,brinzolamide/brimonidine tartrate,53.65
cd453ab7-b92d-4c87-b506-7e6df6fcb072,lactic acid,73.84
14afc6a0-543a-42f1-9f6d-3997df6197c4,Germanium Citrate Lactate,14.59
9942f98f-52aa-4c32-8b63-32f836898459,Mango,70.63
df6b9b3c-4e9f-41c9-af09-8eb049cd76a8,Acacia Pollen,70.6
e5df4149-9624-4429-a690-bbb257f12621,Ibuprofen,54.45
722aecdf-7655-4a2e-8f59-ce2fa90261ff,paroxetine hydrochloride,66.39
6bd2432f-a753-4da8-9db9-8ce9a698aa26,Diphenhydramine HCl,33.93
8e5aeb1a-e18c-4675-85b8-ff89a033ed7e,Timolol Maleate,59.83
291c37b0-c644-4828-9ca1-da144c4e462d,MORPHINE SULFATE,82.98
f67d66fe-22c9-4315-9091-0ec960b3248f,Metronidazole,6.02
3497f80e-4d02-48c5-b686-46f177ba3da3,ERYTHROMYCIN ETHYLSUCCINATE AND SULFISOXAZOLE ACETYL,49.46
fc7129b0-9174-45f9-ac97-5e30a7585378,Blueberry,89.91
40182198-4e88-4374-aa26-58fdae992572,TRIBASIC CALCIUM PHOSPHATE - MATRICARIA RECUTITA - ARABICA COFFEE BEAN - RHEUM OFFICINALE ROOT -,90.42
19e03201-1300-47c7-b487-ffaa74b5295c,Pyrithione Zinc,64.51
f3bd093a-28e8-4804-ab8b-7d8240cdd800,Ergotamine Tartrate and Caffeine,49.23
a6d074e3-4a43-4a0f-a6ac-1ad8250c151b,spironolactone,1.45
2a7583a6-8b34-4781-927b-2d8507a8d3b4,Flecainide,29.16
21a989ee-90d7-43b3-8f44-2487ae991afa,acetaminophen and codeine phosphate,64.59
e07b51fd-4676-4d5a-9bf6-10a9ca2ebf24,Feather Mix,24.78
80aee967-05ca-4241-a982-8678680d4e88,"ALUMINUM HYDROXIDE, MAGNESIUM HYDROXIDE, DIMETHICONE",97.04
103e1af9-d61c-4746-b2a8-9052ef227f44,Probenecid,36.31
e343fbf8-e652-4745-8109-c622ba892bb7,citalopram hydrobromide,29.31
d715b53c-11b2-444d-8196-22bdf9e08906,drospirenone and ethinyl estradiol,82.12
4e2c7d96-7c7c-4801-be7b-155bcd4bc0ba,"Benzalkonium Chloride, Benzocaine",74.4
b325adeb-c9b1-4597-8375-14066fc79945,Phenytoin,37.48
3ac7e0db-a332-4c59-bc66-0440562fba14,GABAPENTIN,98.57
18b81b21-f711-4bdb-b819-1a20ecb0c0a7,Hydrocortisone,80.5
60e30fa4-1d30-4975-9184-2e8756b105b1,Adenosine 0.04%,81.32
0b784667-d27e-4525-8eed-07523277fec8,SALICYLIC ACID,95.8
e75c48ce-84bf-4016-ab4d-c38a9b4e101a,Quetiapine Fumarate,1.32
f30f5202-eca0-4276-9d81-6044126b8779,Octinoxate and Titanium dioxide,67.41
3d94a43a-fc07-4fd2-b081-31d01ccf71aa,"TITANIUM DIOXIDE, OCTINOXATE, ZINC OXIDE",21.87
84adc310-b9c4-4895-85b0-6164173ead57,Salicylic Acid,10.37
557ecbc4-a9b5-4e2b-84ac-6f5c186a56d6,CARISOPRODOL,54.73
db1afe62-eca4-491e-8b38-f2712ecc2ead,"Cactus Grandiflorus, Calendula Officinalis, Convallaria Majalis, Dulcamara, Leptandra Virginica, Solidago Virgaurea",34.31
5ed91653-fa65-4094-920e-bf3731110324,"Alfalfa, Avena sativa, Citrus limonum, Glycyrrhiza glabra, Uva-ursi, Taraxacum officinale, Galium aparine, Lobelia inflata, Schisandra chinensis, Solidago virgaurea, Tylophora asthmatica, Berberis vulgaris, Chelidonium majus, Hepar suis, Intestine (suis),",11.8
8e11fe41-229a-43c7-8363-594999ac6cd6,"Phenobarbital, Hyoscyamine Sulfate, Atropine Sulfate, Scopolamine Hydrobromide",71.04
685d03aa-eb89-470a-802d-aa722c650370,"benzocaine, tetracaine hydrochloride",17.2
5b8efd98-3baa-4ca2-b4d0-60d07cbc0958,doxepin hydrochloride,94.71
77e0d836-7394-4d47-b287-108f72884a89,Labetalol HCl,84.5
75e8e198-8cd0-4051-8d55-99e69b64919c,ALCOHOL,93.48
cbf4b52f-d042-4748-a280-3ca2978f2434,Titanium Dioxide and Zinc Oxide,5.75
417f69e2-935d-490c-8e65-7f5caadefcb3,"Calcarea phosphorica, Chamomilla, Coffea cruda",56.24
3d27ee72-07b3-4847-ad96-3e4010562cf5,"guaifenesin,Dextromethorphan hydrobromide",21.6
c39218c2-bef9-46e8-9c9e-be941a496049,Octinoxate,52.47
20c8e2bd-936a-4d50-bccb-021b00f394ea,levetiracetam,17.17
8fbb8fd0-eed8-48bc-b78b-9dba985721bc,perphenazine,80.38
38134aef-d3db-4f5d-94c4-82777afd358b,fluvoxamine maleate,13.1
1aa5be52-ae6a-41c7-857f-b91dd6eca3e5,"ZINC OXIDE, OCTINOXATE, and OCTISALATE",92.61
8c176409-b6f2-41b0-ae5e-ab0fd9778e22,Acetaminophen,19.42
9dac6268-1eb6-4d9f-99a3-883cefe09eab,ETHYL ALCOHOL,82.29
225034c5-7f1a-48a0-87b6-4ab478aa6f97,"Agaricus muscarius, Clematis vitalba, flos, Lachesis mutus, Lathyrus sativus, Lonicera caprifolium, flos, Millefolium, Myristica sebifera, Paris quadrifolia, Pastinaca sativa, Podophyllinum, Pyrogenium, Rosa damascena, Sticta pulmonaria, Stigmata maidis, Stramonium, Veratrum album",86.17
cbe62d5c-399d-4f32-8f23-a4bab06c3cb5,"Capsicum annuum, Pulsatilla, Sanguinaria canadensis,",81.13
19a94777-9001-4ce4-b26e-4809a286d0e0,ETHYL ALCOHOL,63.31
2464bf0d-133a-4ec5-ae96-4a86f5a657d1,Lorazepam,4.29
bb5683c7-8ecc-439f-9700-87811b8ba73b,Bryophyllum Avena,12.08
0641aaf3-2805-4b94-9aaf-ea4f699216a4,NAPROXEN SODIUM,68.72
ef1b0d36-37e1-4b59-ac2a-59f16bc50e08,"OCTINOXATE, AVOBENZONE",59.47
08ebbe16-9226-4ee9-a888-cf4fc45d31b0,GUAIFENESIN,44.86
dba0bd6a-c7c0-49d1-8b16-be5674c04fb3,Octinoxate,1.53
99ef20a3-cce9-4665-89bf-7f91939fc79d,"OCTINOXATE, OCTISALATE, ZINC OXIDE",99.4
d94e4e6f-738e-43fc-acfc-73fdcf26b2c4,Acyclovir,50.0
b79707d6-0886-4027-b176-a38ed80f3638,zoledronic acid,25.82
2371d781-3ee9-4838-b5a8-0ce3a0c7f752,pegademase bovine,25.24
b05d2aff-8b81-480c-a9b1-e2163fbb5a81,Sulfur,95.68
6ee9c914-78ec-41fb-81bc-74168dc29120,oxybutynin chloride,28.02
7d060d54-f859-44af-ab5f-da8f83bb5c48,"OCTINOXATE, OCTISALATE, and AVOBENZONE",93.06
297ede5d-e38f-4428-af18-63b723fe5e0e,Sodium Fluoride,53.59
b6ba4c43-55ae-4090-9377-4b9934409f95,Pecan,10.23
68aca13f-4903-4ade-8e50-4d1da53d629a,Lidocaine Hydrochloride,41.01
110994eb-be55-4869-aefe-fd94ab1ed641,Montelukast Sodium,85.24
9f1faafd-f386-4e45-a28d-9de3dcce2a15,"Arnica montana, Avena sativa, Damiana, DNA, Korean Ginseng, Oleum animale, Pituitaria glandula (bovine), RNA, Thuja occidentalis,",49.04
83a3a31a-05c6-45f8-a97a-23d31b832b86,Doxycycline,68.96
c8196816-2586-426b-a7a1-11e257c362ba,ACETYLCYSTEINE,10.61
9490c1e6-9db2-4ba4-a071-85b9182fee74,Fexofenadine HCl,13.4
d8b81745-85ec-445f-ae6e-ec78b9c43198,Isopropyl Alcohol,36.7
fbc1f389-faa9-4f66-b719-7687c12567c9,Acetaminophen,69.68
5fa9dd47-c0e9-4161-a049-80ef53fa673f,Labetalol hydrochloride,2.62
a13ea2a8-e334-447b-aac5-8beabb3d01b2,Isosorbide Dinitrate,84.74
33c13c32-179c-4d8a-aff1-1c51b6e8061d,"Titanium Dioxide, Octinoxate, Octisalate, Zinc Oxide",69.69
70a40c34-040c-48e2-be9c-6b88244a133c,fibrinogen human and thrombin human,98.11
75f16c86-2fdc-4b41-8b42-eb1cfe89ab04,Sodium Fluoride,55.65
84c82efa-e1f7-4ed6-82ab-720f45fc95c1,"ACETAMINOPHEN, DEXTROMETHORPHAN HYDROBROMIDE, and PHENYLEPHRINE HYDROCHLORIDE",81.93
e859276f-4ca1-4fdf-8c40-4a030f3f9d57,Lamotrigine,62.85
65201884-97f3-4c18-90c3-b42d5b277e97,potassium nitrate and sodium fluoride,74.68
13005ee5-43d6-4e28-bf8a-4552e95706e3,Diltiazem Hydrochloride,75.15
e4a760d9-fe29-4434-8a74-1c8a6261711b,mupirocin calcium,45.35
d539f565-e86e-4375-bc6a-5383563fe9e2,benzocaine,34.64
a1c3bdf4-751d-45e9-be94-deef57d2cfeb,tramadol hydrochloride,42.1
177b1cd6-3a37-46aa-9ece-76059676f635,"Chelidonium majus, Echinacea, Gentiana lutea, Arsenicum album, Carbo vegetabilis, Lycopodium clavatum, Nux vomica, Phosphorus, Pulsatilla",24.77
0126c040-ef9f-449c-962c-f27c8141c3ff,Losartan Potassium and Hydrochlorothiazide,85.27
d42c96d7-4aac-4376-9cbb-0675532529b4,pioglitazone,24.09
85dbee39-ee9d-4869-b1ba-8ff471476b85,TRICLOSAN,75.16
22d50f74-929e-45fc-9db2-c0c7270e6b98,Bacitracin,86.6
e4d70658-5823-4c6e-8846-f9bf59c33af4,tacrolimus,78.06
80d07476-c3c6-490f-ac95-1ba94e4db2d6,ALUMINUM ZIRCONIUM TETRACHLOROHYDREX GLY,65.49
af291298-e67f-455b-adab-ff94dd471d58,Nitrogen,52.31
4b065ed4-05e6-40ef-a78a-4cb680af6040,ETHYL ALCOHOL,41.33
d871432a-f3ef-4a37-8b15-2146b4466f7d,Arizona Ash,70.11
4a3005db-1d35-4415-b0dd-f591d5c2a23d,ETHYL ALCOHOL,28.34
1b459af7-2f01-4af1-8bfe-356789ebd649,Povidone-Iodine,55.64
8157f5dc-3025-47bb-bd6f-6d134288d5a3,Menthol,67.89
9011fcc0-e134-479e-8a64-60ca8fd84ece,Topiramate,86.78
445056a7-09f6-444e-a4f6-0a121de00773,Alcohol,43.68
6593a7ef-dae6-43d7-bbee-d11ce096b736,Benzocaine,47.05
7884b3d8-f34d-490c-ac17-5a8febf4bf80,Losartan Potassium,27.17
c276ce2f-7025-45ce-b516-be48fca8bcab,CEFEPIME,87.24
655439be-2eb1-4364-9dbb-56ed3c73d72b,"OCTINOXATE, OXYBENZONE",44.19
13d7fe5e-5c03-4ad7-9260-e4a4d796e5bd,Aluminum Zirconium Tetrachlorohydrex GLY,2.06
3b96f08d-2a2c-4d1f-93f4-67d6d97a80a4,diazepam,81.84
7b2a88a4-f968-43dc-bf17-35051874dd68,Mulberry Mix,92.19
16a52b18-9657-49b5-88c2-b903307529cb,Pantoprazole Sodium,81.32
a76fd157-3b2c-4aa2-bb9c-718f89413309,Menthol and Camphor and Eucalyptus Oil,27.57
50a5f42d-4ff7-41b0-bcc6-e5c84956545c,Divalproex Sodium Extended Release,7.14
31d5ed27-6fa6-4b80-b48d-1271aa905148,amlodipine besylate,78.68
9ba2d0f3-1457-4b5b-8566-72bc2c02f997,triazolam,14.93
259fcc38-08d5-412c-af96-2b4270a1bfc2,Zinc Oxide,26.33
8827ee7f-6618-4409-b8bd-2a45d4e20434,Omeprazole,48.69
2d409821-d8d6-454e-9ce9-1585962a0cd7,BENZOYL PEROXIDE,31.71
e223cfb0-953c-4909-9096-d9155583335b,Palmers Amaranth,37.47
f1327a58-7349-4f42-8d77-cd4284494524,Aluminum Zirconium Tetrachlorohydrex GLY,13.71
9efa13d5-7849-4124-880c-4b6926b1777c,metoprolol tartrate,52.93
338117ad-02a7-49bd-8b44-c98971c324a7,Tacrolimus,59.11
0d7b852d-4654-45f2-ab96-6fc2ff5c9d6b,Gnaphalium Stannum,63.65
fd61ba55-a595-4d98-b3d5-734d426a7e3d,TOLNAFTATE,82.45
18d72278-a4b6-4cf9-9744-545f84d5b6fb,Antiseptic handwash,17.21
d1483ebf-6f2d-4fc4-97df-019a897acd9b,Bismuth Subsalicylate,13.95
a0cbfca7-de32-475a-967a-36448af6f43b,"DIPHENHYDRAMINE HYDROCHLORIDE, ZINC ACETATE",67.15
f2c4ac91-7ce9-4928-bb0f-c582151374f0,Sennosides,7.2
1770c70f-14dc-4d0b-9136-d2dde45f8d05,Triclosan,5.18
db57d75a-b1cd-43dc-b120-4034c2f1ef32,Acetaminophen,62.65
8e15165d-cce8-48af-a115-139a04dabb7b,DOCUSATE SODIUM,14.55
1bcc398e-8dd2-40fa-aceb-7e554ec6a4a7,"HOMOSALATE, OXYBENZONE, OCTISALATE, AVOBENZONE, OCTOCRYLENE",11.56
8d68038e-972a-4636-99bc-cae67503d499,BENZETHONIUM CHLORIDE,50.75
7daeefe0-9289-47fe-a2fe-987b27c09353,fluoxetine,16.14
02d6076a-ad6b-4923-822b-947ff850845d,Metformin Hydrochloride,27.91
13409e2e-a8c8-45b9-a073-218e0a522e97,Cefpodoxime Proxetil,77.86
4c9a4891-8ccc-42a9-a750-3b5a877801f2,Bisoprolol Fumarate,34.74
b5eaea9a-2173-4467-9f4e-04396a8867ec,Apricot,75.23
87572ecf-92b0-451d-8d09-572ee312c062,"Mineral oil, Petrolatum, Phenylephrine HCl, Shark liver oil",78.41
7a4052e7-c2f1-4120-8669-92fa3a85ccc6,RIVASTIGMINE TARTRATE,27.54
e71727ca-bb85-4002-bb50-baaa52748b66,Insulin lispro,44.36
bbe74932-6bd5-4b0e-8aaf-7f161b6da325,Phentermine Hydrochloride,48.16
4e9e5c61-577d-4b04-ab4b-3c44c8137675,Alcohol,37.16
b02224a2-8819-4e7a-af3f-e5e554302768,Aspergillus niger,31.04
06ad7b5e-df38-43a8-bcf6-48820144ecde,Loratadine,18.3
81ca9540-cd4d-4db8-bf34-f7c5a775a363,DEXTROMETHORPHAN HYDROBROMIDE,12.41
30ac1775-7d46-4144-b42e-cbb27a432db3,Sodium fluoride,23.08
64ab7e63-b68c-4de7-8d84-4ccca6b98492,Menthol,82.9
0bdd1bf2-4cc1-446b-88ba-6a43c1a3bd86,"Aspirin, Chlorpheniramine Maleate, and Phenylephrine Bitartrate",84.27
c4a94cdb-38a5-4be1-a187-f62287b3f469,Smelt,64.49
bae6eb88-afd3-4e05-b404-3ec227c0bb9a,Demeclocycline Hydrochloride,22.97
4d3c1308-530c-4e8c-89d8-48b67ab96710,Warfarin Sodium,28.81
93d2d6bc-fc7b-4e25-9cb3-eeee93481630,Levetiracetam,19.44
2c36fe71-3647-43ac-af49-a22876f80b4e,ACHYRANTHES CALEA,6.21
caab5cc3-fa4e-4917-83f8-1cec7aa02812,Haloperidol,31.49
d2f45132-c716-47e6-b35d-f68af900dd94,Bumetanide,41.03
fafb8755-35f8-4796-a083-be1fac74d892,Lidocaine and Prilocaine,78.81
77af6252-8107-4ab0-a556-fbdfa2ba2fae,dipyridamole,44.37
857345dd-27c2-4cfb-9d95-32c86112fcc2,Hydrogen peroxide,4.05
25fa715c-955f-4843-9401-602a89ed9f32,"glycerin, phenylephrine HCl, pramoxine HCl, white petrolatum",45.55
5ae91cc8-ecbc-49df-af02-bbd21f91e28d,Tramadol Hydrochloride,36.68
7b46d790-2649-483f-b813-3fe65527cab3,ISOPROPYL ALCOHOL,26.7
601563fd-a988-458d-839b-8955a187100c,MENTHOL,19.48
041dc9cd-5efd-462f-89be-a0325516d46d,Albumin (Human),41.45
8bd6e37f-2169-475a-84bd-a7371b95e39b,topotecan hydrochloride,84.84
881010e7-73c1-46d6-89a3-edfa9370f286,sorbitol,22.76
7e11ccff-7555-4c8e-822d-d75f2000a309,Benzalkonium Chloride,48.45
d0855a84-22fb-4f60-b68b-32deb8123545,"SODIUM PHOSPHATE, MONOBASIC, MONOHYDRATE, SODIUM PHOSPHATE, DIBASIC ANHYDROUS",28.96
4cdcbd95-42fa-4bef-885c-c9683f0b7994,Nitrous Oxide,75.97
d3706783-b9d9-49b7-9d27-fa1fc7b03329,"Avobenzone, Octinoxate, and Octisalate",45.81
19817fd2-39ac-41b1-80a8-c4dbfbbdf377,Sennosides,88.02
68a303c8-0dce-4cd0-a374-7cc4aa195b94,Misoprostol,70.7
23db2b60-6234-45a0-9624-af6818327117,acetaminophen,93.73
5e0b15e1-0da3-4fb5-9b1d-902b81d0b49e,THEOPHYLLINE,2.74
060b7bf4-eee0-4566-a949-edfcd568b931,CHAMOMILLA PLANT,61.83
a6adb412-f652-4c27-ab86-542c2f6ec23b,"CHAMOMILLA, ARNICA MONTANA, BORAX, HYPERICUM PERFORATUM",96.92
511d72a1-9bdd-4e63-b08c-576a83ab3953,"octocrylene, octisalate, oxybenzone, and avobenzone",33.74
8e0d0192-746c-4669-a626-e1d566fcb3d1,ACTIVATED CHARCOAL,95.18
689a054a-6274-472d-bf97-00d8745a9d29,fluocinolone acetonide,68.3
3def864a-f3b1-434a-a076-9b3f00307b1c,clotrimazole,68.32
e189cfae-3bb0-45a4-aeb0-69cee69e1ef2,Disulfiram,57.57
6c1fab08-3da3-4707-8241-e83437800d52,Hydrocodone Bitartrate and Acetaminophen,80.9
7f96c322-c042-441f-b375-4dfdd429e41b,SELENIUM SULFIDE,49.23
c7000103-fdf3-430f-8d57-b5bc1c194610,galantamine hydrobromide,71.69
b3e3c8fd-4063-4884-abe4-87f244bfd51d,Oak California Live Coast,43.54
cb9ee046-d551-4d54-b7b7-9428da131dd7,Tolnaftate,25.9
8e268409-1c78-411b-895c-da0c54aba879,Duloxetine,34.16
9edf493a-cbb8-4101-85f9-d0e902f327e3,Fluvoxamine Maleate,52.94
25f308c0-4450-4593-b43a-0d8b5d078b62,carvedilol,90.62
c31b6c0f-56d5-47fd-afb9-479347a028cc,VALACYCLOVIR HYDROCHLORIDE,60.0
cc4a0a11-4a22-48ef-bc58-df42f2da84d5,Ospemifene,64.69
0575cf09-af26-4556-af98-27c621915bd6,sumatriptan succinate,62.84
891e8d0e-ac47-4e3f-bfda-4ec5c43e05e8,"Artemisia Vulgaris, Cina, Filiz Mas, Sabadilla, Spigelia Anthelmia, Baryta Carbonica, Calcarea Carbonica",80.29
1d5c84f5-d06d-4746-9d39-fdcf4b7ab0a9,"Avobenzone, Octocrylene, and Oxybenzone",35.24
a84d886c-ff6e-4445-a52e-7aedc1baf4a5,Prednisone,59.87
2ff4c038-512b-4730-b86b-db06d9aa60e4,Ranitidine,65.78
7ad76bd3-08c7-4d25-b626-5424db724cc6,"ALLANTOIN, ZINC OXIDE",73.96
291d4ed7-4651-405f-9acf-e8ff9cccc5bd,Oxygen,19.78
bb2c3ca6-cd37-4d1f-a4d5-47ba80e3c29c,"Acetaminophen, Chlorpheniramine maleate, Dextromethorphan HBr, Phenylephrine HCl",52.16
62e79a36-5750-4ef2-8a72-2791ca236fca,Sertraline Hydrochloride,17.44
83524e5e-d302-4699-9900-863a66b94ded,amlodipine besylate,57.8
3d0d7069-2385-4bcd-ae96-3b63f49cf116,SULFUR,6.1
2991200b-a96e-4e98-848b-74c84e9940c6,Helium Oxygen,23.84
1452456a-9a2d-4ca7-a23d-85d0ed6c83ca,Risperidone,15.68
3e649af5-f507-4f34-8ef3-8db92f163670,"Acetaminophen, Dextromethorphan HBr, Guaifenesin, Phenylephrine HCl",33.97
01b75a38-b95c-45a5-bc49-efa70de93472,hydrocortisone sodium succinate,98.32
b0561416-ee42-4029-919c-219ceffdf4fb,Tetracaine HCl,73.04
03c5886c-bf52-45ea-a2bc-8b01320c6adf,Risperidone,65.44
987c405d-e21a-435d-a94a-75a2848a91cb,Nitrofurantoin Macrocrystals,39.45
7f840fea-6da6-4a3e-b68a-f73e4d30fa73,pravastatin sodium,12.43
2ddc8f42-625c-4fc3-8ad8-d044ca8fa3e6,Hydrochlorothiazide,56.12
f7aaf540-ce21-45b3-a76c-5672f3743c14,not applicable,51.62
bea37d12-093a-4457-a2d3-588268ed06a9,Simvastatin,49.59
d86b1ea4-9ebc-4687-a321-0d0dbd87dacd,PYRITHIONE ZINC,18.3
90380e9d-e8ed-4114-aa23-0613232bd378,Maximum Strength Pepto Bismol,14.68
08865d36-9a33-4647-9f6c-51a04a6b2044,ALCOHOL,8.81
7e36397a-96f2-4bb3-8052-2f3d561496cb,Western White Pine,25.65
49d6a16d-42a6-40f3-8910-ccf978c12bd9,Morphine Sulfate,84.94
bf8be7d6-f361-49e3-bf46-8175bd29a0cc,Norepinephrine Bitartrate,28.04
c62d9175-9aec-4e4e-8c63-3dce86d4b413,Lithium Carbonate,44.34
0a53a781-dab4-441c-a56a-b1c6ce0677d0,Nasal Spray,78.69
2c6c3e12-ec68-46b3-8e3f-1f6c97b2738d,Acetaminophen,45.23
e116729f-9ad5-42a4-b184-3cb614b13160,benzethonium chloride,62.48
bd1c4f39-8c29-4298-8baa-81b095d031ac,Petrolatum,37.36
f15b07fd-7213-4779-aec0-6cd290ac7750,Dextromethorphan Hydrobromide and Menthol,37.76
ce163813-e392-48f6-b999-e65bfa610e97,"Acetaminophen, Chlorpheniramine Maleate, Dextromethorphan HBr, Phenylephrine HCl",12.12
7713f70e-3f73-4714-9a0f-2c3e7fd00197,Escitalopram Oxalate,79.71
77de7642-a180-4ec2-9e11-102a866a7da6,ceiba pentandra fiber,32.17
ff470844-d7d3-4e52-97b5-46f84d6b79a0,naproxen sodium,7.47
f468d8a0-1b35-480a-a08a-afa6180c444d,LEVETIRACETAM,24.14
b3779789-5a8b-450f-bc82-7a6eb2e4a15b,clonidine hydrochloride,78.44
a6637b26-6719-4df5-83c1-68b00cf6ea2e,"icodextrin, sodium chloride, sodium lactate, calcium chloride, magnesium chloride",48.14
6b144db5-a465-4013-a753-dbdf1bae6a40,BENZOCAINE and RESORCINOL,24.9
65ff1022-58cf-4e5e-8bde-a5e60033a46f,Heparin Sodium,87.86
92eaf78e-2c87-4fb1-a65e-0a02f0c91c9a,Aluminum Zirconium Tetrachlorohydrex GLY,90.33
3b645ab6-b6e3-4565-9420-86ef32b23375,budesonide,10.88
9aafde05-cb40-4f97-bde0-492e9e80a91b,LOSARTAN POTASSIUM,54.62
023802ff-d0f4-4f4d-a3fa-8c1651b78817,Lenscale Quailbrush,39.99
230eb795-df9f-465f-929b-538e8bfbc40c,Ranitidine,11.08
ba9c216f-3152-44d3-904b-940a49f22cd2,Triclosan 0.46%,26.23
bb938c6a-d2c9-4689-9242-8daac6881edb,Metformin hydrochloride,52.01
46f78bb5-d1f1-4e3d-a67d-5728e5fe142c,Irbesartan,69.52
f514fc4b-1da3-4efa-b3c5-ad88418406c9,diphenhydramine hydrochloride and zinc acetate,96.82
a026714d-a032-4155-b044-56a980f26144,Gabapentin,90.37
17b72146-fb11-422c-863b-1cb6e0a2f852,"Acetylcholine Chloride, Adrenalinum, Dopamine, Gaba, Norepinephrine, Octopamine, Serotonin (Hydrochloride), Taurine, Adenosinum Cyclophosphoricum",36.5
ff3b817e-e48d-48ab-8c95-28e304e0d481,Nutmeg,9.86
e755681e-6ead-4b22-8cc7-6520bda9bccb,cilostazol,7.86
6df9f082-f271-469c-b90e-3902d1c48296,benzonatate,50.63
bf5ea389-4b2e-4c97-89b2-b24826fda6ab,MENTHOL,78.97
eb21a373-9c21-4e83-9267-548a96afc082,CEFTRIAXONE,1.08
edd2070d-130e-409a-8e5d-382673f0b0ad,LISINOPRIL,82.46
9326f658-b9ac-448b-8281-28412f49efbe,Enchanted Forest,44.64
1d6e43e2-2d82-4d0e-8270-d50b8b6fa622,Ropinirole,39.34
6cd28147-0401-41c0-990e-a2fed08a33e5,Levocetirizine Dihydrochloride,75.56
be4988fb-bbe4-40a6-b391-ebb348a7b4c1,"SODIUM BICARBONATE, SODIUM CHLORIDE",94.33
cff079a6-f702-4935-88d4-df1c2afe5787,Cefuroxime Axetil,64.03
edf3b167-5765-4430-9121-c72d095f2bfc,"octinoxate, titanium dioxide, octocrylene",22.67
bcb6cf7d-ede2-4bdb-b48e-1426ecff15da,TOPIRAMATE,27.17
7b198909-2d8a-4763-ac4b-34342bd077c5,levothyroxine sodium,22.17
eb0fbda4-6d51-434b-9e02-2dcfbec32900,Hydrochlorothiazide,55.88
f76c37e4-e285-41bd-b426-3cb344eedd8c,Nicotine Polacrilex,3.31
5cde2a12-3645-4b31-85ed-fd8249d36381,Simethicone,88.36
f18b4ea5-e4cc-46f5-9f2e-0335d3861ac1,Metformin Hydrochloride,64.0
d31169f9-a449-4e97-8e20-8abfd57333a4,oxymetazoline hydrochloride,89.49
a8419586-cd97-4473-8ee9-ef19e689a5b3,"Mucinex Cold, Flu and Sore Throat Maximum Strength",21.89
37803ac4-5fef-480d-9103-437c9e3e708a,hydrogen peroxide,15.68
aa5f4d26-d612-49f3-af78-93edc681d892,Chlorzoxazone,56.77
6f92ca5f-f195-493a-9704-bffca72d869e,fluoxetine hydrochloride,57.07
3783cccd-bd1e-4f6c-aa8f-fafece078b06,"Bryonia, Colchicum autumnale, Kalmia latifolia, Ledum palustre, Lycopodium clavatum, Rhododendron chrysanthum, Rhus toxicodendron,",99.16
d473a4da-f2f5-42cd-af4c-37500925b1e6,Loblolly Pine,53.58
2356838f-7a86-455e-a13d-3e25aed6f5d2,ETHYL ALCOHOL,45.37
65c020d8-b85e-4b90-bf9c-97c2c3c424fc,Morphine Sulfate,42.61
7def6e14-98d3-4960-ae5c-514d07c12783,"AVOBENZONE, OCTISALATE, OCTOCRYLENE, and OXYBENZONE",60.96
4748d425-6242-4e8a-88e6-d07b64754165,Alcohol,93.93
4be3eb54-68f4-484b-93dc-fd933381999d,Titanium Dioxide,62.88
dae74645-2887-4b9a-8790-eb17946a6305,Acacia,9.67
ed3c2e6c-f652-4628-9993-042db61c49a2,levothyroxine sodium,9.27
b91ef686-18f4-4aca-a13c-190850169918,"Acetaminophen, Dextromathorphan HBr, Gauifenesin, Phenylephrine HCl",88.18
fa0936fe-a39e-46cc-9df4-a4591c6a9097,Loratadine,10.82
3b98917c-1a92-4e11-a1b3-d46755d95688,PYRITHIONE ZINC,59.87
2e2909bd-0e12-44c5-b7e5-2c6163113e1a,Gabapentin,44.81
d55543b9-cf84-4e1a-9dc6-f7ef9d7c63c7,DIMETHICONE,42.36
eaf1855d-e97c-45ff-a2fe-3b3cbb92ed51,"acetaminophen, dextromethorphan hydrobromide and doxylamine succinate",62.2
ffcffad5-9ba9-444d-b146-a510a40939bf,COAL TAR,35.82
b055a265-ad17-47a7-845b-e4cdbdf97fa3,Acetaminophen,12.83
2ccd8154-c9df-46dd-8235-269bc5be427f,Clotrimazole,97.19
673a2ca5-27ce-4f75-bd48-977da2462368,Midazolam Hydrochloride,90.66
16bd2e6f-f56e-482d-a485-7bf3e90d3335,LEVETIRACETAM,31.12
a9049d60-77ab-4c7a-8dfd-24a22c7b67bb,Esomeprazole Sodium,85.74
301dcaf4-2c58-4404-bedb-af2bd1316a34,Nicotine Polacrilex,95.29
f7aa4b83-7f7e-487f-a940-9b18cd18f864,"efavirenz, emtricitabine, and tenofovir disoproxil fumarate",49.6
bd0356dc-a8aa-47c7-b439-adb14aace29f,ENALAPRIL MALEATE,42.29
2bc4c794-2f51-49e6-9de4-af62edf1fc23,Risperidone,88.4
c9cd213e-877f-453b-b8c9-2f8daa7a9307,tazarotene,86.8
532d6359-17b8-44b1-a8d1-46fd3b8b121a,"Avobenzone, Homosalate, Octisalate, Octocrylene, and Oxybenzone",71.52
2d08eaf1-9c99-4d4b-a603-c0cc96fdab52,benzocaine,82.13
7d3e7fc1-f54b-4b53-be4d-41e9706f2349,SULFUR,69.45
e7915669-8453-4d83-98c1-05990d1cb599,ARUM TRIPHYLLUM,50.84
314d4421-1d86-4fab-8a8a-4ef202ff23f1,Levetiracetam,17.44
12d1acfa-a753-42a2-a352-411a8b1b29ea,SELENIUM SULFIDE,2.62
6e4653b0-5915-48f0-9c84-49e1b9f1bb1c,CINCHONA OFFICINALIS BARK,90.92
526f6b98-6a9b-4501-9314-d218e5cf81f6,"AMPICILLIN, SULBACTAM",11.1
c99ed869-5129-48b9-b1a8-cc6448ca4d69,Zinc Oxide and Titanium Dioxide,45.62
d6e5aaa9-df87-4c79-9577-c7b0ea9f2a65,"Thyroidinum, Baryta carb., Berber. vulg., Bryonia, Calc. carb., Cinchona, Conium, Digitalis, Ferrum picricum, Hydrastis, Iodium, Lycopodium, Nux vom., Pareira, Pulsatilla, Sabal, Selenium, Staphysag., Thuja occ., Trifolium pratense, Echinacea, Hydrastis, Lappa, Solidago",26.14
c88cd80d-a939-40ff-bcc5-bef5c19d99fb,Ranitidine,22.81
e645f393-c8f4-495e-b0bf-73ac803925df,OCTINOXATE,58.56
6d5dbc17-356c-432e-87a9-8a30ca302119,Sodium Fluoride,3.31
40cd7ab8-0661-422b-a55a-c0dad8df14cf,fluticasone propionate and salmeterol,82.9
2b1b665d-edd0-4675-bd9a-7a64d2f73256,Triclosan,77.81
a9583d4c-0a20-4e27-8800-5874147c3a74,Metoprolol Tartrate,90.12
0a771ce8-8bfc-4d12-a629-0c0ee67ebd3f,lisinopril,31.29
a1adf687-45a6-4b0d-bc8f-ea93152027ee,Meclizine Hydrochloride,73.46
ead1de86-d651-4d96-9368-99c60ed7157e,Butorphanol Tartrate,43.44
29061f62-50f0-4e73-a46a-77b62b7c7536,DIMETHICONE,81.09
9b207a83-4155-432a-8400-dca75e524085,Lisinopril and Hydrochlorothiazide,42.95
234a7e5e-036f-4916-84d3-eac2bf661a5a,Hepar Magnesium 6 Special Order,80.5
4daad04a-e3aa-4f09-bf61-60d784352b92,"Camphor, Phenol",59.69
ca2c0665-7f88-4a76-8020-b6f4af088cf4,"cocoa butter, phenylephrine hcl",5.01
8d09fc5e-cf29-49a3-9df3-420e20182f71,Tetracycline Hydrochloride,83.93
e3239a71-c5db-4c29-957d-3830e9f5cd97,menthol,75.29
e3697b82-717a-4776-8593-59ac6df77354,Acetaminophen,83.53
c7bb5a9c-d1fe-4ad9-ad9d-1e4d32347d05,Olea Europaea,81.65
5c682998-eae8-4dab-9e73-b7bb67272a34,"Octinoxate ,Avobenzone",91.81
b906b6e0-a3ef-4b03-90b2-e7c06fd25689,Norgestimate and Ethinyl Estradiol,65.58
26c064d7-2de6-440b-af45-2ceef3e94519,TIZANIDINE,23.83
66d3afe8-f2a5-45de-aa7a-07db0f62d8cb,Acetaminophen,85.08
9ee85819-c8ac-4e67-8f56-49844c4c6ad0,METHYL SALICYLATE,95.05
d54976b6-e0b7-4556-b5f7-f547404db61f,Olanzapine and Fluoxetine hydrochloride,26.22
0c371c22-da68-492d-b727-5c54cf713170,Fluconazole,48.91
7865c6f7-980c-404a-b3ce-bc2663d85c9d,Chloroquine Phosphate,33.33
2cdac74c-0772-445a-89c3-6de76de4f7af,"avobenzone, homosalate,octisalate",36.97
35f4291f-22a4-4842-9315-fbdf49f43f05,FENOFIBRATE,10.42
d425ce26-649f-423c-a7a0-a067a766d0aa,MEPERIDINE HYDROCHLORIDE,91.38
13e96967-d9a9-455b-9124-40dba6737e72,ITRACONAZOLE,36.73
a5e47c4b-adc7-4ee6-973c-5ccd22edee6f,thioridazine hydrochloride,72.03
6ebe1c72-2f14-4849-bc77-c0eb2a49b3df,Oxymetazoline Hydrochloride,27.27
8d7cf6be-6b3b-4a3e-8027-95346cfc6c36,gentamicin sulfate and prednisolone acetate,71.4
6c914eec-1a64-4841-b5c9-3bf098c1aec1,BENZOYL PEROXIDE,35.25
13d4a56e-7773-4ef7-820b-92a381a4b739,Helminthosporium sativum,1.44
22d99b9a-f6a8-44bd-8780-9a46a3ea2d01,"Cetirizine HCl, Pseudoephedrine HCl",58.19
5d89f3d7-01d9-4759-ae5d-92e1ebda7566,"Acetaminophen, Dextromethorphan Hydrobromide, Doxylamine Succinate",51.6
64179c6f-2d9e-4dde-acb4-48f9ac339f78,Lovastatin,99.08
f23cc838-8391-4f75-9489-7d6d140472e0,Pravastatin Sodium,16.21
288ef614-8032-447a-ad5c-5ad6dbfbd9fd,Atomoxetine hydrochloride,35.1
ebf985a7-8676-4237-a35c-f9e8f30c4a71,Ibuprofen,37.98
88213031-ae82-4cd1-9ab9-eda98384cccd,"Capsaicin, Lidocaine, Menthol, and Methyl Salicylate",95.61
590107e3-1c2f-4864-9efc-f5c8d5bf87bf,Amlodipine Besylate,74.04
01e49cd0-9604-4e16-8c75-ccf81939799c,Labetalol Hydrochloride,86.37
35201dc1-d939-40da-a69f-96b22ab98484,Acetaminophen,47.65
4b864181-7c3e-498a-a29f-52bc00dd661d,Titanium Dioxide and Zinc Oxide,49.38
6eef8cbb-d150-4f69-b711-944865654f09,Gabapentin,55.61
a56e3ed9-424b-4d5d-b3e2-62100a5b6bb6,"OCTINOXATE, Zinc Oxide, Titanium Dioxide",43.94
3b944680-ba77-4a46-931a-97598251005a,Petrolatum,8.14
2528dfd2-2f8e-4120-b89d-f0c18e13f9b6,Pyrithione Zinc,37.09
d3b6885d-2d96-48cc-af59-d5e6f15aca9d,rivaroxaban,47.1
581521e8-37e6-42cf-990b-b5138beb0063,Pyridostigmine Bromide,9.92
e52462ac-8a04-4d90-8111-238883bd161e,topiramate,8.14
340cf03b-3d56-43d4-a036-3a15e2462b78,Sucralfate,63.47
bef866f7-5554-4182-9f2d-f7de6dc37445,Dimethicone,34.01
9faf4fb6-b34c-4ba1-973b-821b50e986bf,Nabumetone,29.64
7ee56413-5f63-4743-9c4d-d0d6c39c2aa7,Pantoprazole Sodium,82.93
3ef4be74-de36-486f-8ac8-d32f7219a009,Meperidine Hydrochloride and Promethazine Hydrochloride,5.12
3304dba1-ba64-44c3-993c-3ffb97526c25,benzonatate,73.36
2ca59c10-cd15-48af-98bc-b2c0add40ca5,Midazolam Hydrochloride,63.99
58e544d0-90ea-481a-8f54-a82e70449489,loperamide HCl,78.46
1a7092a0-dfbc-4bff-8f81-6eac53b0b9af,atenolol,21.79
06b0a343-0a11-4e24-a286-8e1de7eab15e,Adenosine,78.0
21200903-cfcc-4768-84a7-e0ca77001b3f,aprepitant,78.71
8b31bd4d-fd99-4bef-af6d-b0f93d6d7d49,Salicylic acid,73.09
f2312b33-70c1-4b62-a9d7-09f4a9ccc857,Sodium Fluoride,57.73
44761a7f-c849-4b14-b7f4-deb117ccf612,nicardipine hydrochloride,25.34
b7646cde-0f3e-476d-a7b5-77d2114450e6,Methimazole,53.93
4e46372d-110b-46a6-9fe5-3da19df49072,Risperidone,76.02
6dee82f0-edbd-4274-90e9-59648e390cea,bacitracin zinc neomycin sulfate polymyxin b sulfate,88.19
87af2fcb-19fc-4839-bf44-6b03b54369ef,ALCOHOL,88.49
f2b591ab-9a35-44e7-8e90-27964baa7cbb,Hydrocortisone,61.4
13da5fd7-f255-4b7c-84de-2a04f6f1172a,Pramipexole Dihydrochloride,55.66
1316b8a2-5be5-477b-8ebf-a91b58852097,medroxyprogesterone acetate,84.1
a6749b49-bc32-4a08-a457-55bae4644afa,Eurax,30.01
ff7f269b-7e0e-44f8-b9b2-9dc6ce726de1,AP Horse Hair and Dander,79.34
8360d1f7-a527-460b-a15e-96004701bf61,Labetalol hydrochloride,9.7
7c9a4665-6f79-4dd4-87ff-fb3bf59a6ab5,spinosad,91.89
ed2f362a-be07-4746-b7b9-5c87b1b348da,Benzocaine,3.36
8e8b88f9-3df2-4241-a6a2-8ecabce05474,ETHYL ALCOHOL,97.3
9fe7dbc7-e2a5-4f78-b2e3-989889c3e147,Petrolatum,19.74
49f7cea5-101e-4e00-89ba-6c9598079e97,SALICYLIC ACID,17.42
b8f31457-8d95-490f-b012-ad770abd1fa4,Promethazine Hydrochloride,62.23
e15c31e0-2022-4c7e-b654-e38c1b402fff,"Ascorbic acid, Calcium citrate, Iron, Cholecalciferol, Pyridoxine Hydrochloride, and Folic Acid",49.67
adae2d30-b405-4ff0-8222-4ac0878e091d,ziprasidone hydrochloride,10.76
f33b1704-087b-46c1-a55f-f353b50b518a,enoxaparin sodium,68.08
a491f88f-2f85-425a-a43f-fef5abeca1b1,naratriptan,42.38
e82bacac-52e5-47ff-881c-0b9e39284885,HYOSCYAMUS NIGER,24.22
5012b095-53fc-4236-8eb4-f93e997d2fba,Anhydrous Citric Acid and Sodium Bicarbonate,47.72
04c061e1-ce1c-4371-b814-b50fa45bc822,POVIDONE-IODINE,2.32
b22a18d9-f725-45fa-843b-4d605ae24128,"Sodium Chloride, Sodium Gluconate, Sodium Acetate, Potassium Chloride and Magnesium Chloride",77.98
b1f7f0fd-6529-4bd2-aa68-a30b64bdcc0a,"Streptococcus Faecalis, Streptococcus Haemolyticus, Streptococcus Pneumoniae, Streptococcus Viridans",43.03
